Time,Value,Timestamp
10/9/2018 18:00,0.13,1536573600.0
10/9/2018 18:01,0.13,1536573660.0
10/9/2018 18:02,0.13,1536573720.0
10/9/2018 18:03,0.13,1536573780.0
10/9/2018 18:04,0.13,1536573840.0
10/9/2018 18:05,0.13,1536573900.0
10/9/2018 18:06,0.13,1536573960.0
10/9/2018 18:07,0.13,1536574020.0
10/9/2018 18:08,0.13,1536574080.0
10/9/2018 18:09,0.13,1536574140.0
10/9/2018 18:10,0.13,1536574200.0
10/9/2018 18:11,0.13,1536574260.0
10/9/2018 18:12,0.13,1536574320.0
10/9/2018 18:13,0.13,1536574380.0
10/9/2018 18:14,0.14,1536574440.0
10/9/2018 18:15,0.14,1536574500.0
10/9/2018 18:16,0.14,1536574560.0
10/9/2018 18:17,0.14,1536574620.0
10/9/2018 18:18,0.14,1536574680.0
10/9/2018 18:19,0.14,1536574740.0
10/9/2018 18:20,0.14,1536574800.0
10/9/2018 18:21,0.14,1536574860.0
10/9/2018 18:22,0.14,1536574920.0
10/9/2018 18:23,0.14,1536574980.0
10/9/2018 18:24,0.14,1536575040.0
10/9/2018 18:25,0.14,1536575100.0
10/9/2018 18:26,0.14,1536575160.0
10/9/2018 18:27,0.14,1536575220.0
10/9/2018 18:28,0.14,1536575280.0
10/9/2018 18:29,0.14,1536575340.0
10/9/2018 18:30,0.14,1536575400.0
10/9/2018 18:31,0.14,1536575460.0
10/9/2018 18:32,0.14,1536575520.0
10/9/2018 18:33,0.14,1536575580.0
10/9/2018 18:34,0.14,1536575640.0
10/9/2018 18:35,0.14,1536575700.0
10/9/2018 18:36,0.14,1536575760.0
10/9/2018 18:37,0.14,1536575820.0
10/9/2018 18:38,0.14,1536575880.0
10/9/2018 18:39,0.14,1536575940.0
10/9/2018 18:40,0.14,1536576000.0
10/9/2018 18:41,0.14,1536576060.0
10/9/2018 18:42,0.14,1536576120.0
10/9/2018 18:43,0.14,1536576180.0
10/9/2018 18:44,0.14,1536576240.0
10/9/2018 18:45,0.14,1536576300.0
10/9/2018 18:46,0.14,1536576360.0
10/9/2018 18:47,0.14,1536576420.0
10/9/2018 18:48,0.14,1536576480.0
10/9/2018 18:49,0.14,1536576540.0
10/9/2018 18:50,0.14,1536576600.0
10/9/2018 18:51,0.14,1536576660.0
10/9/2018 18:52,0.14,1536576720.0
10/9/2018 18:53,0.14,1536576780.0
10/9/2018 18:54,0.14,1536576840.0
10/9/2018 18:55,0.14,1536576900.0
10/9/2018 18:56,0.14,1536576960.0
10/9/2018 18:57,0.14,1536577020.0
10/9/2018 18:58,0.14,1536577080.0
10/9/2018 18:59,0.14,1536577140.0
10/9/2018 19:00,0.14,1536577200.0
10/9/2018 19:01,0.14,1536577260.0
10/9/2018 19:02,0.14,1536577320.0
10/9/2018 19:03,0.15,1536577380.0
10/9/2018 19:04,0.15,1536577440.0
10/9/2018 19:05,0.15,1536577500.0
10/9/2018 19:06,0.14,1536577560.0
10/9/2018 19:07,0.14,1536577620.0
10/9/2018 19:08,0.14,1536577680.0
10/9/2018 19:09,0.14,1536577740.0
10/9/2018 19:10,0.14,1536577800.0
10/9/2018 19:11,0.14,1536577860.0
10/9/2018 19:12,0.14,1536577920.0
10/9/2018 19:13,0.14,1536577980.0
10/9/2018 19:14,0.14,1536578040.0
10/9/2018 19:15,0.14,1536578100.0
10/9/2018 19:16,0.14,1536578160.0
10/9/2018 19:17,0.14,1536578220.0
10/9/2018 19:18,0.14,1536578280.0
10/9/2018 19:19,0.14,1536578340.0
10/9/2018 19:20,0.14,1536578400.0
10/9/2018 19:21,0.14,1536578460.0
10/9/2018 19:22,0.14,1536578520.0
10/9/2018 19:23,0.14,1536578580.0
10/9/2018 19:24,0.14,1536578640.0
10/9/2018 19:25,0.14,1536578700.0
10/9/2018 19:26,0.14,1536578760.0
10/9/2018 19:27,0.14,1536578820.0
10/9/2018 19:28,0.14,1536578880.0
10/9/2018 19:29,0.14,1536578940.0
10/9/2018 19:30,0.14,1536579000.0
10/9/2018 19:31,0.14,1536579060.0
10/9/2018 19:32,0.14,1536579120.0
10/9/2018 19:33,0.14,1536579180.0
10/9/2018 19:34,0.14,1536579240.0
10/9/2018 19:35,0.14,1536579300.0
10/9/2018 19:36,0.14,1536579360.0
10/9/2018 19:37,0.14,1536579420.0
10/9/2018 19:38,0.14,1536579480.0
10/9/2018 19:39,0.14,1536579540.0
10/9/2018 19:40,0.14,1536579600.0
10/9/2018 19:41,0.14,1536579660.0
10/9/2018 19:42,0.14,1536579720.0
10/9/2018 19:43,0.14,1536579780.0
10/9/2018 19:44,0.13,1536579840.0
10/9/2018 19:45,0.13,1536579900.0
10/9/2018 19:46,0.13,1536579960.0
10/9/2018 19:47,0.14,1536580020.0
10/9/2018 19:48,0.14,1536580080.0
10/9/2018 19:49,0.14,1536580140.0
10/9/2018 19:50,0.14,1536580200.0
10/9/2018 19:51,0.14,1536580260.0
10/9/2018 19:52,0.14,1536580320.0
10/9/2018 19:53,0.13,1536580380.0
10/9/2018 19:54,0.13,1536580440.0
10/9/2018 19:55,0.14,1536580500.0
10/9/2018 19:56,0.14,1536580560.0
10/9/2018 19:57,0.14,1536580620.0
10/9/2018 19:58,0.14,1536580680.0
10/9/2018 19:59,0.14,1536580740.0
10/9/2018 20:00,0.14,1536580800.0
10/9/2018 20:01,0.14,1536580860.0
10/9/2018 20:02,0.14,1536580920.0
10/9/2018 20:03,0.14,1536580980.0
10/9/2018 20:04,0.14,1536581040.0
10/9/2018 20:05,0.14,1536581100.0
10/9/2018 20:06,0.14,1536581160.0
10/9/2018 20:07,0.14,1536581220.0
10/9/2018 20:08,0.14,1536581280.0
10/9/2018 20:09,0.14,1536581340.0
10/9/2018 20:10,0.14,1536581400.0
10/9/2018 20:11,0.14,1536581460.0
10/9/2018 20:12,0.14,1536581520.0
10/9/2018 20:13,0.14,1536581580.0
10/9/2018 20:14,0.14,1536581640.0
10/9/2018 20:15,0.14,1536581700.0
10/9/2018 20:16,0.14,1536581760.0
10/9/2018 20:17,0.14,1536581820.0
10/9/2018 20:18,0.14,1536581880.0
10/9/2018 20:19,0.14,1536581940.0
10/9/2018 20:20,0.14,1536582000.0
10/9/2018 20:21,0.14,1536582060.0
10/9/2018 20:22,0.14,1536582120.0
10/9/2018 20:23,0.14,1536582180.0
10/9/2018 20:24,0.14,1536582240.0
10/9/2018 20:25,0.14,1536582300.0
10/9/2018 20:26,0.14,1536582360.0
10/9/2018 20:27,0.14,1536582420.0
10/9/2018 20:28,0.14,1536582480.0
10/9/2018 20:29,0.14,1536582540.0
10/9/2018 20:30,0.14,1536582600.0
10/9/2018 20:31,0.14,1536582660.0
10/9/2018 20:32,0.14,1536582720.0
10/9/2018 20:33,0.14,1536582780.0
10/9/2018 20:34,0.15,1536582840.0
10/9/2018 20:35,0.15,1536582900.0
10/9/2018 20:36,0.15,1536582960.0
10/9/2018 20:37,0.15,1536583020.0
10/9/2018 20:38,0.15,1536583080.0
10/9/2018 20:39,0.15,1536583140.0
10/9/2018 20:40,0.15,1536583200.0
10/9/2018 20:41,0.15,1536583260.0
10/9/2018 20:42,0.15,1536583320.0
10/9/2018 20:43,0.15,1536583380.0
10/9/2018 20:44,0.15,1536583440.0
10/9/2018 20:45,0.15,1536583500.0
10/9/2018 20:46,0.15,1536583560.0
10/9/2018 20:47,0.15,1536583620.0
10/9/2018 20:48,0.15,1536583680.0
10/9/2018 20:49,0.15,1536583740.0
10/9/2018 20:50,0.15,1536583800.0
10/9/2018 20:51,0.15,1536583860.0
10/9/2018 20:52,0.15,1536583920.0
10/9/2018 20:53,0.15,1536583980.0
10/9/2018 20:54,0.15,1536584040.0
10/9/2018 20:55,0.15,1536584100.0
10/9/2018 20:56,0.15,1536584160.0
10/9/2018 20:57,0.15,1536584220.0
10/9/2018 20:58,0.15,1536584280.0
10/9/2018 20:59,0.15,1536584340.0
10/9/2018 21:00,0.15,1536584400.0
10/9/2018 21:01,0.15,1536584460.0
10/9/2018 21:02,0.15,1536584520.0
10/9/2018 21:03,0.15,1536584580.0
10/9/2018 21:04,0.15,1536584640.0
10/9/2018 21:05,0.15,1536584700.0
10/9/2018 21:06,0.15,1536584760.0
10/9/2018 21:07,0.15,1536584820.0
10/9/2018 21:08,0.15,1536584880.0
10/9/2018 21:09,0.15,1536584940.0
10/9/2018 21:10,0.15,1536585000.0
10/9/2018 21:11,0.15,1536585060.0
10/9/2018 21:12,0.15,1536585120.0
10/9/2018 21:13,0.15,1536585180.0
10/9/2018 21:14,0.15,1536585240.0
10/9/2018 21:15,0.15,1536585300.0
10/9/2018 21:16,0.15,1536585360.0
10/9/2018 21:17,0.15,1536585420.0
10/9/2018 21:18,0.15,1536585480.0
10/9/2018 21:19,0.15,1536585540.0
10/9/2018 21:20,0.15,1536585600.0
10/9/2018 21:21,0.15,1536585660.0
10/9/2018 21:22,0.15,1536585720.0
10/9/2018 21:23,0.15,1536585780.0
10/9/2018 21:24,0.14,1536585840.0
10/9/2018 21:25,0.14,1536585900.0
10/9/2018 21:26,0.14,1536585960.0
10/9/2018 21:27,0.14,1536586020.0
10/9/2018 21:28,0.15,1536586080.0
10/9/2018 21:29,0.15,1536586140.0
10/9/2018 21:30,0.15,1536586200.0
10/9/2018 21:31,0.15,1536586260.0
10/9/2018 21:32,0.15,1536586320.0
10/9/2018 21:33,0.15,1536586380.0
10/9/2018 21:34,0.15,1536586440.0
10/9/2018 21:35,0.15,1536586500.0
10/9/2018 21:36,0.15,1536586560.0
10/9/2018 21:37,0.15,1536586620.0
10/9/2018 21:38,0.15,1536586680.0
10/9/2018 21:39,0.15,1536586740.0
10/9/2018 21:40,0.15,1536586800.0
10/9/2018 21:41,0.15,1536586860.0
10/9/2018 21:42,0.15,1536586920.0
10/9/2018 21:43,0.15,1536586980.0
10/9/2018 21:44,0.15,1536587040.0
10/9/2018 21:45,0.15,1536587100.0
10/9/2018 21:46,0.15,1536587160.0
10/9/2018 21:47,0.15,1536587220.0
10/9/2018 21:48,0.14,1536587280.0
10/9/2018 21:49,0.15,1536587340.0
10/9/2018 21:50,0.15,1536587400.0
10/9/2018 21:51,0.15,1536587460.0
10/9/2018 21:52,0.15,1536587520.0
10/9/2018 21:53,0.14,1536587580.0
10/9/2018 21:54,0.14,1536587640.0
10/9/2018 21:55,0.14,1536587700.0
10/9/2018 21:56,0.14,1536587760.0
10/9/2018 21:57,0.14,1536587820.0
10/9/2018 21:58,0.14,1536587880.0
10/9/2018 21:59,0.14,1536587940.0
10/9/2018 22:00,0.14,1536588000.0
10/9/2018 22:01,0.14,1536588060.0
10/9/2018 22:02,0.14,1536588120.0
10/9/2018 22:03,0.14,1536588180.0
10/9/2018 22:04,0.14,1536588240.0
10/9/2018 22:05,0.14,1536588300.0
10/9/2018 22:06,0.14,1536588360.0
10/9/2018 22:07,0.14,1536588420.0
10/9/2018 22:08,0.14,1536588480.0
10/9/2018 22:09,0.14,1536588540.0
10/9/2018 22:10,0.14,1536588600.0
10/9/2018 22:11,0.14,1536588660.0
10/9/2018 22:12,0.14,1536588720.0
10/9/2018 22:13,0.14,1536588780.0
10/9/2018 22:14,0.14,1536588840.0
10/9/2018 22:15,0.14,1536588900.0
10/9/2018 22:16,0.14,1536588960.0
10/9/2018 22:17,0.14,1536589020.0
10/9/2018 22:18,0.14,1536589080.0
10/9/2018 22:19,0.14,1536589140.0
10/9/2018 22:20,0.14,1536589200.0
10/9/2018 22:21,0.14,1536589260.0
10/9/2018 22:22,0.14,1536589320.0
10/9/2018 22:23,0.14,1536589380.0
10/9/2018 22:24,0.14,1536589440.0
10/9/2018 22:25,0.14,1536589500.0
10/9/2018 22:26,0.14,1536589560.0
10/9/2018 22:27,0.14,1536589620.0
10/9/2018 22:28,0.14,1536589680.0
10/9/2018 22:29,0.14,1536589740.0
10/9/2018 22:30,0.15,1536589800.0
10/9/2018 22:31,0.14,1536589860.0
10/9/2018 22:32,0.14,1536589920.0
10/9/2018 22:33,0.15,1536589980.0
10/9/2018 22:34,0.14,1536590040.0
10/9/2018 22:35,0.14,1536590100.0
10/9/2018 22:36,0.15,1536590160.0
10/9/2018 22:37,0.15,1536590220.0
10/9/2018 22:38,0.15,1536590280.0
10/9/2018 22:39,0.15,1536590340.0
10/9/2018 22:40,0.15,1536590400.0
10/9/2018 22:41,0.15,1536590460.0
10/9/2018 22:42,0.15,1536590520.0
10/9/2018 22:43,0.15,1536590580.0
10/9/2018 22:44,0.15,1536590640.0
10/9/2018 22:45,0.15,1536590700.0
10/9/2018 22:46,0.15,1536590760.0
10/9/2018 22:47,0.15,1536590820.0
10/9/2018 22:48,0.15,1536590880.0
10/9/2018 22:49,0.15,1536590940.0
10/9/2018 22:50,0.15,1536591000.0
10/9/2018 22:51,0.15,1536591060.0
10/9/2018 22:52,0.15,1536591120.0
10/9/2018 22:53,0.15,1536591180.0
10/9/2018 22:54,0.15,1536591240.0
10/9/2018 22:55,0.15,1536591300.0
10/9/2018 22:56,0.15,1536591360.0
10/9/2018 22:57,0.15,1536591420.0
10/9/2018 22:58,0.15,1536591480.0
10/9/2018 22:59,0.15,1536591540.0
10/9/2018 23:00,0.15,1536591600.0
10/9/2018 23:01,0.15,1536591660.0
10/9/2018 23:02,0.16,1536591720.0
10/9/2018 23:03,0.16,1536591780.0
10/9/2018 23:04,0.16,1536591840.0
10/9/2018 23:05,0.16,1536591900.0
10/9/2018 23:06,0.16,1536591960.0
10/9/2018 23:07,0.16,1536592020.0
10/9/2018 23:08,0.16,1536592080.0
10/9/2018 23:09,0.16,1536592140.0
10/9/2018 23:10,0.16,1536592200.0
10/9/2018 23:11,0.16,1536592260.0
10/9/2018 23:12,0.16,1536592320.0
10/9/2018 23:13,0.16,1536592380.0
10/9/2018 23:14,0.16,1536592440.0
10/9/2018 23:15,0.16,1536592500.0
10/9/2018 23:16,0.16,1536592560.0
10/9/2018 23:17,0.16,1536592620.0
10/9/2018 23:18,0.16,1536592680.0
10/9/2018 23:19,0.16,1536592740.0
10/9/2018 23:20,0.16,1536592800.0
10/9/2018 23:21,0.16,1536592860.0
10/9/2018 23:22,0.16,1536592920.0
10/9/2018 23:23,0.16,1536592980.0
10/9/2018 23:24,0.16,1536593040.0
10/9/2018 23:25,0.16,1536593100.0
10/9/2018 23:26,0.16,1536593160.0
10/9/2018 23:27,0.16,1536593220.0
10/9/2018 23:28,0.16,1536593280.0
10/9/2018 23:29,0.16,1536593340.0
10/9/2018 23:30,0.16,1536593400.0
10/9/2018 23:31,0.16,1536593460.0
10/9/2018 23:32,0.16,1536593520.0
10/9/2018 23:33,0.16,1536593580.0
10/9/2018 23:34,0.16,1536593640.0
10/9/2018 23:35,0.16,1536593700.0
10/9/2018 23:36,0.16,1536593760.0
10/9/2018 23:37,0.16,1536593820.0
10/9/2018 23:38,0.16,1536593880.0
10/9/2018 23:39,0.16,1536593940.0
10/9/2018 23:40,0.16,1536594000.0
10/9/2018 23:41,0.16,1536594060.0
10/9/2018 23:42,0.16,1536594120.0
10/9/2018 23:43,0.16,1536594180.0
10/9/2018 23:44,0.16,1536594240.0
10/9/2018 23:45,0.16,1536594300.0
10/9/2018 23:46,0.16,1536594360.0
10/9/2018 23:47,0.16,1536594420.0
10/9/2018 23:48,0.16,1536594480.0
10/9/2018 23:49,0.16,1536594540.0
10/9/2018 23:50,0.16,1536594600.0
10/9/2018 23:51,0.16,1536594660.0
10/9/2018 23:52,0.16,1536594720.0
10/9/2018 23:53,0.16,1536594780.0
10/9/2018 23:54,0.16,1536594840.0
10/9/2018 23:55,0.16,1536594900.0
10/9/2018 23:56,0.16,1536594960.0
10/9/2018 23:57,0.16,1536595020.0
10/9/2018 23:58,0.16,1536595080.0
10/9/2018 23:59,0.16,1536595140.0
11/9/2018 0:00,0.16,1536595200.0
11/9/2018 0:01,0.16,1536595260.0
11/9/2018 0:02,0.16,1536595320.0
11/9/2018 0:03,0.16,1536595380.0
11/9/2018 0:04,0.16,1536595440.0
11/9/2018 0:05,0.16,1536595500.0
11/9/2018 0:06,0.16,1536595560.0
11/9/2018 0:07,0.16,1536595620.0
11/9/2018 0:08,0.16,1536595680.0
11/9/2018 0:09,0.16,1536595740.0
11/9/2018 0:10,0.16,1536595800.0
11/9/2018 0:11,0.16,1536595860.0
11/9/2018 0:12,0.16,1536595920.0
11/9/2018 0:13,0.16,1536595980.0
11/9/2018 0:14,0.16,1536596040.0
11/9/2018 0:15,0.16,1536596100.0
11/9/2018 0:16,0.16,1536596160.0
11/9/2018 0:17,0.16,1536596220.0
11/9/2018 0:18,0.16,1536596280.0
11/9/2018 0:19,0.16,1536596340.0
11/9/2018 0:20,0.16,1536596400.0
11/9/2018 0:21,0.16,1536596460.0
11/9/2018 0:22,0.16,1536596520.0
11/9/2018 0:23,0.16,1536596580.0
11/9/2018 0:24,0.16,1536596640.0
11/9/2018 0:25,0.16,1536596700.0
11/9/2018 0:26,0.16,1536596760.0
11/9/2018 0:27,0.17,1536596820.0
11/9/2018 0:28,0.17,1536596880.0
11/9/2018 0:29,0.17,1536596940.0
11/9/2018 0:30,0.17,1536597000.0
11/9/2018 0:31,0.17,1536597060.0
11/9/2018 0:32,0.17,1536597120.0
11/9/2018 0:33,0.17,1536597180.0
11/9/2018 0:34,0.17,1536597240.0
11/9/2018 0:35,0.17,1536597300.0
11/9/2018 0:36,0.17,1536597360.0
11/9/2018 0:37,0.17,1536597420.0
11/9/2018 0:38,0.17,1536597480.0
11/9/2018 0:39,0.17,1536597540.0
11/9/2018 0:40,0.17,1536597600.0
11/9/2018 0:41,0.17,1536597660.0
11/9/2018 0:42,0.17,1536597720.0
11/9/2018 0:43,0.17,1536597780.0
11/9/2018 0:44,0.18,1536597840.0
11/9/2018 0:45,0.17,1536597900.0
11/9/2018 0:46,0.18,1536597960.0
11/9/2018 0:47,0.18,1536598020.0
11/9/2018 0:48,0.18,1536598080.0
11/9/2018 0:49,0.18,1536598140.0
11/9/2018 0:50,0.18,1536598200.0
11/9/2018 0:51,0.18,1536598260.0
11/9/2018 0:52,0.18,1536598320.0
11/9/2018 0:53,0.18,1536598380.0
11/9/2018 0:54,0.18,1536598440.0
11/9/2018 0:55,0.18,1536598500.0
11/9/2018 0:56,0.18,1536598560.0
11/9/2018 0:57,0.18,1536598620.0
11/9/2018 0:58,0.18,1536598680.0
11/9/2018 0:59,0.18,1536598740.0
11/9/2018 1:00,0.18,1536598800.0
11/9/2018 1:01,0.18,1536598860.0
11/9/2018 1:02,0.18,1536598920.0
11/9/2018 1:03,0.18,1536598980.0
11/9/2018 1:04,0.18,1536599040.0
11/9/2018 1:05,0.18,1536599100.0
11/9/2018 1:06,0.18,1536599160.0
11/9/2018 1:07,0.18,1536599220.0
11/9/2018 1:08,0.19,1536599280.0
11/9/2018 1:09,0.19,1536599340.0
11/9/2018 1:10,0.19,1536599400.0
11/9/2018 1:11,0.19,1536599460.0
11/9/2018 1:12,0.19,1536599520.0
11/9/2018 1:13,0.19,1536599580.0
11/9/2018 1:14,0.19,1536599640.0
11/9/2018 1:15,0.19,1536599700.0
11/9/2018 1:16,0.19,1536599760.0
11/9/2018 1:17,0.19,1536599820.0
11/9/2018 1:18,0.19,1536599880.0
11/9/2018 1:19,0.19,1536599940.0
11/9/2018 1:20,0.19,1536600000.0
11/9/2018 1:21,0.19,1536600060.0
11/9/2018 1:22,0.19,1536600120.0
11/9/2018 1:23,0.19,1536600180.0
11/9/2018 1:24,0.19,1536600240.0
11/9/2018 1:25,0.19,1536600300.0
11/9/2018 1:26,0.19,1536600360.0
11/9/2018 1:27,0.19,1536600420.0
11/9/2018 1:28,0.19,1536600480.0
11/9/2018 1:29,0.19,1536600540.0
11/9/2018 1:30,0.19,1536600600.0
11/9/2018 1:31,0.19,1536600660.0
11/9/2018 1:32,0.2,1536600720.0
11/9/2018 1:33,0.2,1536600780.0
11/9/2018 1:34,0.2,1536600840.0
11/9/2018 1:35,0.2,1536600900.0
11/9/2018 1:36,0.2,1536600960.0
11/9/2018 1:37,0.2,1536601020.0
11/9/2018 1:38,0.2,1536601080.0
11/9/2018 1:39,0.2,1536601140.0
11/9/2018 1:40,0.2,1536601200.0
11/9/2018 1:41,0.2,1536601260.0
11/9/2018 1:42,0.2,1536601320.0
11/9/2018 1:43,0.2,1536601380.0
11/9/2018 1:44,0.2,1536601440.0
11/9/2018 1:45,0.2,1536601500.0
11/9/2018 1:46,0.2,1536601560.0
11/9/2018 1:47,0.2,1536601620.0
11/9/2018 1:48,0.2,1536601680.0
11/9/2018 1:49,0.2,1536601740.0
11/9/2018 1:50,0.2,1536601800.0
11/9/2018 1:51,0.2,1536601860.0
11/9/2018 1:52,0.2,1536601920.0
11/9/2018 1:53,0.2,1536601980.0
11/9/2018 1:54,0.2,1536602040.0
11/9/2018 1:55,0.2,1536602100.0
11/9/2018 1:56,0.2,1536602160.0
11/9/2018 1:57,0.2,1536602220.0
11/9/2018 1:58,0.2,1536602280.0
11/9/2018 1:59,0.2,1536602340.0
11/9/2018 2:00,0.2,1536602400.0
11/9/2018 2:01,0.2,1536602460.0
11/9/2018 2:02,0.2,1536602520.0
11/9/2018 2:03,0.21,1536602580.0
11/9/2018 2:04,0.21,1536602640.0
11/9/2018 2:05,0.2,1536602700.0
11/9/2018 2:06,0.2,1536602760.0
11/9/2018 2:07,0.21,1536602820.0
11/9/2018 2:08,0.2,1536602880.0
11/9/2018 2:09,0.21,1536602940.0
11/9/2018 2:10,0.21,1536603000.0
11/9/2018 2:11,0.21,1536603060.0
11/9/2018 2:12,0.2,1536603120.0
11/9/2018 2:13,0.21,1536603180.0
11/9/2018 2:14,0.21,1536603240.0
11/9/2018 2:15,0.2,1536603300.0
11/9/2018 2:16,0.21,1536603360.0
11/9/2018 2:17,0.21,1536603420.0
11/9/2018 2:18,0.2,1536603480.0
11/9/2018 2:19,0.21,1536603540.0
11/9/2018 2:20,0.21,1536603600.0
11/9/2018 2:21,0.21,1536603660.0
11/9/2018 2:22,0.21,1536603720.0
11/9/2018 2:23,0.21,1536603780.0
11/9/2018 2:24,0.21,1536603840.0
11/9/2018 2:25,0.21,1536603900.0
11/9/2018 2:26,0.21,1536603960.0
11/9/2018 2:27,0.2,1536604020.0
11/9/2018 2:28,0.21,1536604080.0
11/9/2018 2:29,0.21,1536604140.0
11/9/2018 2:30,0.21,1536604200.0
11/9/2018 2:31,0.21,1536604260.0
11/9/2018 2:32,0.21,1536604320.0
11/9/2018 2:33,0.21,1536604380.0
11/9/2018 2:34,0.21,1536604440.0
11/9/2018 2:35,0.21,1536604500.0
11/9/2018 2:36,0.2,1536604560.0
11/9/2018 2:37,0.2,1536604620.0
11/9/2018 2:38,0.21,1536604680.0
11/9/2018 2:39,0.21,1536604740.0
11/9/2018 2:40,0.2,1536604800.0
11/9/2018 2:41,0.2,1536604860.0
11/9/2018 2:42,0.2,1536604920.0
11/9/2018 2:43,0.2,1536604980.0
11/9/2018 2:44,0.2,1536605040.0
11/9/2018 2:45,0.2,1536605100.0
11/9/2018 2:46,0.2,1536605160.0
11/9/2018 2:47,0.21,1536605220.0
11/9/2018 2:48,0.21,1536605280.0
11/9/2018 2:49,0.21,1536605340.0
11/9/2018 2:50,0.21,1536605400.0
11/9/2018 2:51,0.21,1536605460.0
11/9/2018 2:52,0.21,1536605520.0
11/9/2018 2:53,0.21,1536605580.0
11/9/2018 2:54,0.21,1536605640.0
11/9/2018 2:55,0.21,1536605700.0
11/9/2018 2:56,0.21,1536605760.0
11/9/2018 2:57,0.21,1536605820.0
11/9/2018 2:58,0.21,1536605880.0
11/9/2018 2:59,0.21,1536605940.0
11/9/2018 3:00,0.21,1536606000.0
11/9/2018 3:01,0.21,1536606060.0
11/9/2018 3:02,0.21,1536606120.0
11/9/2018 3:03,0.21,1536606180.0
11/9/2018 3:04,0.21,1536606240.0
11/9/2018 3:05,0.21,1536606300.0
11/9/2018 3:06,0.21,1536606360.0
11/9/2018 3:07,0.21,1536606420.0
11/9/2018 3:08,0.21,1536606480.0
11/9/2018 3:09,0.21,1536606540.0
11/9/2018 3:10,0.21,1536606600.0
11/9/2018 3:11,0.21,1536606660.0
11/9/2018 3:12,0.21,1536606720.0
11/9/2018 3:13,0.21,1536606780.0
11/9/2018 3:14,0.21,1536606840.0
11/9/2018 3:15,0.21,1536606900.0
11/9/2018 3:16,0.21,1536606960.0
11/9/2018 3:17,0.21,1536607020.0
11/9/2018 3:18,0.21,1536607080.0
11/9/2018 3:19,0.21,1536607140.0
11/9/2018 3:20,0.21,1536607200.0
11/9/2018 3:21,0.21,1536607260.0
11/9/2018 3:22,0.21,1536607320.0
11/9/2018 3:23,0.21,1536607380.0
11/9/2018 3:24,0.21,1536607440.0
11/9/2018 3:25,0.21,1536607500.0
11/9/2018 3:26,0.21,1536607560.0
11/9/2018 3:27,0.21,1536607620.0
11/9/2018 3:28,0.21,1536607680.0
11/9/2018 3:29,0.21,1536607740.0
11/9/2018 3:30,0.21,1536607800.0
11/9/2018 3:31,0.21,1536607860.0
11/9/2018 3:32,0.21,1536607920.0
11/9/2018 3:33,0.21,1536607980.0
11/9/2018 3:34,0.21,1536608040.0
11/9/2018 3:35,0.21,1536608100.0
11/9/2018 3:36,0.21,1536608160.0
11/9/2018 3:37,0.21,1536608220.0
11/9/2018 3:38,0.21,1536608280.0
11/9/2018 3:39,0.21,1536608340.0
11/9/2018 3:40,0.21,1536608400.0
11/9/2018 3:41,0.21,1536608460.0
11/9/2018 3:42,0.21,1536608520.0
11/9/2018 3:43,0.21,1536608580.0
11/9/2018 3:44,0.21,1536608640.0
11/9/2018 3:45,0.21,1536608700.0
11/9/2018 3:46,0.21,1536608760.0
11/9/2018 3:47,0.21,1536608820.0
11/9/2018 3:48,0.21,1536608880.0
11/9/2018 3:49,0.21,1536608940.0
11/9/2018 3:50,0.21,1536609000.0
11/9/2018 3:51,0.21,1536609060.0
11/9/2018 3:52,0.21,1536609120.0
11/9/2018 3:53,0.21,1536609180.0
11/9/2018 3:54,0.21,1536609240.0
11/9/2018 3:55,0.21,1536609300.0
11/9/2018 3:56,0.21,1536609360.0
11/9/2018 3:57,0.21,1536609420.0
11/9/2018 3:58,0.22,1536609480.0
11/9/2018 3:59,0.21,1536609540.0
11/9/2018 4:00,0.22,1536609600.0
11/9/2018 4:01,0.22,1536609660.0
11/9/2018 4:02,0.22,1536609720.0
11/9/2018 4:03,0.22,1536609780.0
11/9/2018 4:04,0.22,1536609840.0
11/9/2018 4:05,0.22,1536609900.0
11/9/2018 4:06,0.22,1536609960.0
11/9/2018 4:07,0.22,1536610020.0
11/9/2018 4:08,0.22,1536610080.0
11/9/2018 4:09,0.22,1536610140.0
11/9/2018 4:10,0.22,1536610200.0
11/9/2018 4:11,0.22,1536610260.0
11/9/2018 4:12,0.22,1536610320.0
11/9/2018 4:13,0.22,1536610380.0
11/9/2018 4:14,0.22,1536610440.0
11/9/2018 4:15,0.22,1536610500.0
11/9/2018 4:16,0.22,1536610560.0
11/9/2018 4:17,0.22,1536610620.0
11/9/2018 4:18,0.22,1536610680.0
11/9/2018 4:19,0.22,1536610740.0
11/9/2018 4:20,0.22,1536610800.0
11/9/2018 4:21,0.22,1536610860.0
11/9/2018 4:22,0.22,1536610920.0
11/9/2018 4:23,0.22,1536610980.0
11/9/2018 4:24,0.22,1536611040.0
11/9/2018 4:25,0.22,1536611100.0
11/9/2018 4:26,0.22,1536611160.0
11/9/2018 4:27,0.22,1536611220.0
11/9/2018 4:28,0.23,1536611280.0
11/9/2018 4:29,0.23,1536611340.0
11/9/2018 4:30,0.23,1536611400.0
11/9/2018 4:31,0.23,1536611460.0
11/9/2018 4:32,0.23,1536611520.0
11/9/2018 4:33,0.23,1536611580.0
11/9/2018 4:34,0.23,1536611640.0
11/9/2018 4:35,0.23,1536611700.0
11/9/2018 4:36,0.23,1536611760.0
11/9/2018 4:37,0.23,1536611820.0
11/9/2018 4:38,0.23,1536611880.0
11/9/2018 4:39,0.23,1536611940.0
11/9/2018 4:40,0.23,1536612000.0
11/9/2018 4:41,0.23,1536612060.0
11/9/2018 4:42,0.24,1536612120.0
11/9/2018 4:43,0.24,1536612180.0
11/9/2018 4:44,0.24,1536612240.0
11/9/2018 4:45,0.24,1536612300.0
11/9/2018 4:46,0.24,1536612360.0
11/9/2018 4:47,0.24,1536612420.0
11/9/2018 4:48,0.24,1536612480.0
11/9/2018 4:49,0.24,1536612540.0
11/9/2018 4:50,0.24,1536612600.0
11/9/2018 4:51,0.24,1536612660.0
11/9/2018 4:52,0.24,1536612720.0
11/9/2018 4:53,0.24,1536612780.0
11/9/2018 4:54,0.24,1536612840.0
11/9/2018 4:55,0.24,1536612900.0
11/9/2018 4:56,0.25,1536612960.0
11/9/2018 4:57,0.25,1536613020.0
11/9/2018 4:58,0.25,1536613080.0
11/9/2018 4:59,0.25,1536613140.0
11/9/2018 5:00,0.25,1536613200.0
11/9/2018 5:01,0.25,1536613260.0
11/9/2018 5:02,0.25,1536613320.0
11/9/2018 5:03,0.25,1536613380.0
11/9/2018 5:04,0.25,1536613440.0
11/9/2018 5:05,0.25,1536613500.0
11/9/2018 5:06,0.25,1536613560.0
11/9/2018 5:07,0.25,1536613620.0
11/9/2018 5:08,0.25,1536613680.0
11/9/2018 5:09,0.25,1536613740.0
11/9/2018 5:10,0.26,1536613800.0
11/9/2018 5:11,0.26,1536613860.0
11/9/2018 5:12,0.26,1536613920.0
11/9/2018 5:13,0.26,1536613980.0
11/9/2018 5:14,0.26,1536614040.0
11/9/2018 5:15,0.26,1536614100.0
11/9/2018 5:16,0.26,1536614160.0
11/9/2018 5:17,0.26,1536614220.0
11/9/2018 5:18,0.26,1536614280.0
11/9/2018 5:19,0.26,1536614340.0
11/9/2018 5:20,0.26,1536614400.0
11/9/2018 5:21,0.26,1536614460.0
11/9/2018 5:22,0.26,1536614520.0
11/9/2018 5:23,0.26,1536614580.0
11/9/2018 5:24,0.26,1536614640.0
11/9/2018 5:25,0.26,1536614700.0
11/9/2018 5:26,0.26,1536614760.0
11/9/2018 5:27,0.26,1536614820.0
11/9/2018 5:28,0.26,1536614880.0
11/9/2018 5:29,0.27,1536614940.0
11/9/2018 5:30,0.27,1536615000.0
11/9/2018 5:31,0.27,1536615060.0
11/9/2018 5:32,0.27,1536615120.0
11/9/2018 5:33,0.27,1536615180.0
11/9/2018 5:34,0.27,1536615240.0
11/9/2018 5:35,0.27,1536615300.0
11/9/2018 5:36,0.27,1536615360.0
11/9/2018 5:37,0.27,1536615420.0
11/9/2018 5:38,0.27,1536615480.0
11/9/2018 5:39,0.27,1536615540.0
11/9/2018 5:40,0.27,1536615600.0
11/9/2018 5:41,0.27,1536615660.0
11/9/2018 5:42,0.27,1536615720.0
11/9/2018 5:43,0.27,1536615780.0
11/9/2018 5:44,0.27,1536615840.0
11/9/2018 5:45,0.27,1536615900.0
11/9/2018 5:46,0.27,1536615960.0
11/9/2018 5:47,0.27,1536616020.0
11/9/2018 5:48,0.28,1536616080.0
11/9/2018 5:49,0.28,1536616140.0
11/9/2018 5:50,0.28,1536616200.0
11/9/2018 5:51,0.28,1536616260.0
11/9/2018 5:52,0.28,1536616320.0
11/9/2018 5:53,0.28,1536616380.0
11/9/2018 5:54,0.28,1536616440.0
11/9/2018 5:55,0.28,1536616500.0
11/9/2018 5:56,0.28,1536616560.0
11/9/2018 5:57,0.28,1536616620.0
11/9/2018 5:58,0.28,1536616680.0
11/9/2018 5:59,0.28,1536616740.0
11/9/2018 6:00,0.28,1536616800.0
11/9/2018 6:01,0.28,1536616860.0
11/9/2018 6:02,0.28,1536616920.0
11/9/2018 6:03,0.28,1536616980.0
11/9/2018 6:04,0.28,1536617040.0
11/9/2018 6:05,0.28,1536617100.0
11/9/2018 6:06,0.28,1536617160.0
11/9/2018 6:07,0.29,1536617220.0
11/9/2018 6:08,0.29,1536617280.0
11/9/2018 6:09,0.29,1536617340.0
11/9/2018 6:10,0.29,1536617400.0
11/9/2018 6:11,0.29,1536617460.0
11/9/2018 6:12,0.29,1536617520.0
11/9/2018 6:13,0.29,1536617580.0
11/9/2018 6:14,0.29,1536617640.0
11/9/2018 6:15,0.29,1536617700.0
11/9/2018 6:16,0.29,1536617760.0
11/9/2018 6:17,0.29,1536617820.0
11/9/2018 6:18,0.29,1536617880.0
11/9/2018 6:19,0.29,1536617940.0
11/9/2018 6:20,0.29,1536618000.0
11/9/2018 6:21,0.29,1536618060.0
11/9/2018 6:22,0.29,1536618120.0
11/9/2018 6:23,0.3,1536618180.0
11/9/2018 6:24,0.3,1536618240.0
11/9/2018 6:25,0.3,1536618300.0
11/9/2018 6:26,0.3,1536618360.0
11/9/2018 6:27,0.3,1536618420.0
11/9/2018 6:28,0.3,1536618480.0
11/9/2018 6:29,0.3,1536618540.0
11/9/2018 6:30,0.3,1536618600.0
11/9/2018 6:31,0.3,1536618660.0
11/9/2018 6:32,0.3,1536618720.0
11/9/2018 6:33,0.3,1536618780.0
11/9/2018 6:34,0.3,1536618840.0
11/9/2018 6:35,0.3,1536618900.0
11/9/2018 6:36,0.3,1536618960.0
11/9/2018 6:37,0.3,1536619020.0
11/9/2018 6:38,0.3,1536619080.0
11/9/2018 6:39,0.3,1536619140.0
11/9/2018 6:40,0.3,1536619200.0
11/9/2018 6:41,0.3,1536619260.0
11/9/2018 6:42,0.3,1536619320.0
11/9/2018 6:43,0.3,1536619380.0
11/9/2018 6:44,0.3,1536619440.0
11/9/2018 6:45,0.3,1536619500.0
11/9/2018 6:46,0.3,1536619560.0
11/9/2018 6:47,0.31,1536619620.0
11/9/2018 6:48,0.3,1536619680.0
11/9/2018 6:49,0.31,1536619740.0
11/9/2018 6:50,0.31,1536619800.0
11/9/2018 6:51,0.31,1536619860.0
11/9/2018 6:52,0.31,1536619920.0
11/9/2018 6:53,0.31,1536619980.0
11/9/2018 6:54,0.31,1536620040.0
11/9/2018 6:55,0.31,1536620100.0
11/9/2018 6:56,0.31,1536620160.0
11/9/2018 6:57,0.31,1536620220.0
11/9/2018 6:58,0.31,1536620280.0
11/9/2018 6:59,0.31,1536620340.0
11/9/2018 7:00,0.31,1536620400.0
11/9/2018 7:01,0.31,1536620460.0
11/9/2018 7:02,0.31,1536620520.0
11/9/2018 7:03,0.31,1536620580.0
11/9/2018 7:04,0.31,1536620640.0
11/9/2018 7:05,0.32,1536620700.0
11/9/2018 7:06,0.31,1536620760.0
11/9/2018 7:07,0.32,1536620820.0
11/9/2018 7:08,0.32,1536620880.0
11/9/2018 7:09,0.32,1536620940.0
11/9/2018 7:10,0.32,1536621000.0
11/9/2018 7:11,0.32,1536621060.0
11/9/2018 7:12,0.32,1536621120.0
11/9/2018 7:13,0.32,1536621180.0
11/9/2018 7:14,0.32,1536621240.0
11/9/2018 7:15,0.32,1536621300.0
11/9/2018 7:16,0.32,1536621360.0
11/9/2018 7:17,0.32,1536621420.0
11/9/2018 7:18,0.32,1536621480.0
11/9/2018 7:19,0.32,1536621540.0
11/9/2018 7:20,0.32,1536621600.0
11/9/2018 7:21,0.32,1536621660.0
11/9/2018 7:22,0.32,1536621720.0
11/9/2018 7:23,0.33,1536621780.0
11/9/2018 7:24,0.33,1536621840.0
11/9/2018 7:25,0.33,1536621900.0
11/9/2018 7:26,0.33,1536621960.0
11/9/2018 7:27,0.33,1536622020.0
11/9/2018 7:28,0.33,1536622080.0
11/9/2018 7:29,0.33,1536622140.0
11/9/2018 7:30,0.33,1536622200.0
11/9/2018 7:31,0.33,1536622260.0
11/9/2018 7:32,0.33,1536622320.0
11/9/2018 7:33,0.33,1536622380.0
11/9/2018 7:34,0.33,1536622440.0
11/9/2018 7:35,0.33,1536622500.0
11/9/2018 7:36,0.33,1536622560.0
11/9/2018 7:37,0.33,1536622620.0
11/9/2018 7:38,0.33,1536622680.0
11/9/2018 7:39,0.33,1536622740.0
11/9/2018 7:40,0.33,1536622800.0
11/9/2018 7:41,0.33,1536622860.0
11/9/2018 7:42,0.33,1536622920.0
11/9/2018 7:43,0.33,1536622980.0
11/9/2018 7:44,0.33,1536623040.0
11/9/2018 7:45,0.33,1536623100.0
11/9/2018 7:46,0.33,1536623160.0
11/9/2018 7:47,0.33,1536623220.0
11/9/2018 7:48,0.33,1536623280.0
11/9/2018 7:49,0.33,1536623340.0
11/9/2018 7:50,0.33,1536623400.0
11/9/2018 7:51,0.33,1536623460.0
11/9/2018 7:52,0.33,1536623520.0
11/9/2018 7:53,0.33,1536623580.0
11/9/2018 7:54,0.33,1536623640.0
11/9/2018 7:55,0.33,1536623700.0
11/9/2018 7:56,0.33,1536623760.0
11/9/2018 7:57,0.33,1536623820.0
11/9/2018 7:58,0.33,1536623880.0
11/9/2018 7:59,0.33,1536623940.0
11/9/2018 8:00,0.33,1536624000.0
11/9/2018 8:01,0.34,1536624060.0
11/9/2018 8:02,0.34,1536624120.0
11/9/2018 8:03,0.34,1536624180.0
11/9/2018 8:04,0.34,1536624240.0
11/9/2018 8:05,0.34,1536624300.0
11/9/2018 8:06,0.34,1536624360.0
11/9/2018 8:07,0.34,1536624420.0
11/9/2018 8:08,0.34,1536624480.0
11/9/2018 8:09,0.34,1536624540.0
11/9/2018 8:10,0.34,1536624600.0
11/9/2018 8:11,0.34,1536624660.0
11/9/2018 8:12,0.34,1536624720.0
11/9/2018 8:13,0.34,1536624780.0
11/9/2018 8:14,0.34,1536624840.0
11/9/2018 8:15,0.34,1536624900.0
11/9/2018 8:16,0.34,1536624960.0
11/9/2018 8:17,0.34,1536625020.0
11/9/2018 8:18,0.34,1536625080.0
11/9/2018 8:19,0.34,1536625140.0
11/9/2018 8:20,0.35,1536625200.0
11/9/2018 8:21,0.35,1536625260.0
11/9/2018 8:22,0.35,1536625320.0
11/9/2018 8:23,0.35,1536625380.0
11/9/2018 8:24,0.35,1536625440.0
11/9/2018 8:25,0.35,1536625500.0
11/9/2018 8:26,0.35,1536625560.0
11/9/2018 8:27,0.35,1536625620.0
11/9/2018 8:28,0.35,1536625680.0
11/9/2018 8:29,0.35,1536625740.0
11/9/2018 8:30,0.35,1536625800.0
11/9/2018 8:31,0.35,1536625860.0
11/9/2018 8:32,0.35,1536625920.0
11/9/2018 8:33,0.35,1536625980.0
11/9/2018 8:34,0.35,1536626040.0
11/9/2018 8:35,0.35,1536626100.0
11/9/2018 8:36,0.35,1536626160.0
11/9/2018 8:37,0.35,1536626220.0
11/9/2018 8:38,0.36,1536626280.0
11/9/2018 8:39,0.35,1536626340.0
11/9/2018 8:40,0.35,1536626400.0
11/9/2018 8:41,0.35,1536626460.0
11/9/2018 8:42,0.35,1536626520.0
11/9/2018 8:43,0.35,1536626580.0
11/9/2018 8:44,0.35,1536626640.0
11/9/2018 8:45,0.35,1536626700.0
11/9/2018 8:46,0.35,1536626760.0
11/9/2018 8:47,0.35,1536626820.0
11/9/2018 8:48,0.35,1536626880.0
11/9/2018 8:49,0.35,1536626940.0
11/9/2018 8:50,0.35,1536627000.0
11/9/2018 8:51,0.35,1536627060.0
11/9/2018 8:52,0.35,1536627120.0
11/9/2018 8:53,0.35,1536627180.0
11/9/2018 8:54,0.35,1536627240.0
11/9/2018 8:55,0.34,1536627300.0
11/9/2018 8:56,0.34,1536627360.0
11/9/2018 8:57,0.34,1536627420.0
11/9/2018 8:58,0.34,1536627480.0
11/9/2018 8:59,0.34,1536627540.0
11/9/2018 9:00,0.33,1536627600.0
11/9/2018 9:01,0.33,1536627660.0
11/9/2018 9:02,0.33,1536627720.0
11/9/2018 9:03,0.33,1536627780.0
11/9/2018 9:04,0.33,1536627840.0
11/9/2018 9:05,0.33,1536627900.0
11/9/2018 9:06,0.32,1536627960.0
11/9/2018 9:07,0.32,1536628020.0
11/9/2018 9:08,0.32,1536628080.0
11/9/2018 9:09,0.32,1536628140.0
11/9/2018 9:10,0.32,1536628200.0
11/9/2018 9:11,0.32,1536628260.0
11/9/2018 9:12,0.32,1536628320.0
11/9/2018 9:13,0.32,1536628380.0
11/9/2018 9:14,0.32,1536628440.0
11/9/2018 9:15,0.32,1536628500.0
11/9/2018 9:16,0.32,1536628560.0
11/9/2018 9:17,0.32,1536628620.0
11/9/2018 9:18,0.32,1536628680.0
11/9/2018 9:19,0.31,1536628740.0
11/9/2018 9:20,0.31,1536628800.0
11/9/2018 9:21,0.31,1536628860.0
11/9/2018 9:22,0.31,1536628920.0
11/9/2018 9:23,0.31,1536628980.0
11/9/2018 9:24,0.31,1536629040.0
11/9/2018 9:25,0.31,1536629100.0
11/9/2018 9:26,0.31,1536629160.0
11/9/2018 9:27,0.31,1536629220.0
11/9/2018 9:28,0.31,1536629280.0
11/9/2018 9:29,0.3,1536629340.0
11/9/2018 9:30,0.3,1536629400.0
11/9/2018 9:31,0.3,1536629460.0
11/9/2018 9:32,0.3,1536629520.0
11/9/2018 9:33,0.3,1536629580.0
11/9/2018 9:34,0.3,1536629640.0
11/9/2018 9:35,0.3,1536629700.0
11/9/2018 9:36,0.29,1536629760.0
11/9/2018 9:37,0.29,1536629820.0
11/9/2018 9:38,0.29,1536629880.0
11/9/2018 9:39,0.29,1536629940.0
11/9/2018 9:40,0.29,1536630000.0
11/9/2018 9:41,0.29,1536630060.0
11/9/2018 9:42,0.29,1536630120.0
11/9/2018 9:43,0.29,1536630180.0
11/9/2018 9:44,0.29,1536630240.0
11/9/2018 9:45,0.28,1536630300.0
11/9/2018 9:46,0.28,1536630360.0
11/9/2018 9:47,0.28,1536630420.0
11/9/2018 9:48,0.28,1536630480.0
11/9/2018 9:49,0.28,1536630540.0
11/9/2018 9:50,0.28,1536630600.0
11/9/2018 9:51,0.28,1536630660.0
11/9/2018 9:52,0.28,1536630720.0
11/9/2018 9:53,0.27,1536630780.0
11/9/2018 9:54,0.27,1536630840.0
11/9/2018 9:55,0.27,1536630900.0
11/9/2018 9:56,0.27,1536630960.0
11/9/2018 9:57,0.27,1536631020.0
11/9/2018 9:58,0.27,1536631080.0
11/9/2018 9:59,0.27,1536631140.0
11/9/2018 10:00,0.27,1536631200.0
11/9/2018 10:01,0.26,1536631260.0
11/9/2018 10:02,0.26,1536631320.0
11/9/2018 10:03,0.26,1536631380.0
11/9/2018 10:04,0.26,1536631440.0
11/9/2018 10:05,0.26,1536631500.0
11/9/2018 10:06,0.26,1536631560.0
11/9/2018 10:07,0.26,1536631620.0
11/9/2018 10:08,0.25,1536631680.0
11/9/2018 10:09,0.25,1536631740.0
11/9/2018 10:10,0.25,1536631800.0
11/9/2018 10:11,0.25,1536631860.0
11/9/2018 10:12,0.25,1536631920.0
11/9/2018 10:13,0.25,1536631980.0
11/9/2018 10:14,0.25,1536632040.0
11/9/2018 10:15,0.25,1536632100.0
11/9/2018 10:16,0.25,1536632160.0
11/9/2018 10:17,0.24,1536632220.0
11/9/2018 10:18,0.24,1536632280.0
11/9/2018 10:19,0.24,1536632340.0
11/9/2018 10:20,0.24,1536632400.0
11/9/2018 10:21,0.24,1536632460.0
11/9/2018 10:22,0.24,1536632520.0
11/9/2018 10:23,0.24,1536632580.0
11/9/2018 10:24,0.24,1536632640.0
11/9/2018 10:25,0.24,1536632700.0
11/9/2018 10:26,0.23,1536632760.0
11/9/2018 10:27,0.23,1536632820.0
11/9/2018 10:28,0.23,1536632880.0
11/9/2018 10:29,0.23,1536632940.0
11/9/2018 10:30,0.23,1536633000.0
11/9/2018 10:31,0.23,1536633060.0
11/9/2018 10:32,0.23,1536633120.0
11/9/2018 10:33,0.23,1536633180.0
11/9/2018 10:34,0.23,1536633240.0
11/9/2018 10:35,0.22,1536633300.0
11/9/2018 10:36,0.22,1536633360.0
11/9/2018 10:37,0.22,1536633420.0
11/9/2018 10:38,0.22,1536633480.0
11/9/2018 10:39,0.22,1536633540.0
11/9/2018 10:40,0.22,1536633600.0
11/9/2018 10:41,0.22,1536633660.0
11/9/2018 10:42,0.22,1536633720.0
11/9/2018 10:43,0.22,1536633780.0
11/9/2018 10:44,0.21,1536633840.0
11/9/2018 10:45,0.21,1536633900.0
11/9/2018 10:46,0.21,1536633960.0
11/9/2018 10:47,0.21,1536634020.0
11/9/2018 10:48,0.21,1536634080.0
11/9/2018 10:49,0.21,1536634140.0
11/9/2018 10:50,0.21,1536634200.0
11/9/2018 10:51,0.21,1536634260.0
11/9/2018 10:52,0.21,1536634320.0
11/9/2018 10:53,0.21,1536634380.0
11/9/2018 10:54,0.21,1536634440.0
11/9/2018 10:55,0.2,1536634500.0
11/9/2018 10:56,0.2,1536634560.0
11/9/2018 10:57,0.2,1536634620.0
11/9/2018 10:58,0.2,1536634680.0
11/9/2018 10:59,0.2,1536634740.0
11/9/2018 11:00,0.2,1536634800.0
11/9/2018 11:01,0.2,1536634860.0
11/9/2018 11:02,0.2,1536634920.0
11/9/2018 11:03,0.2,1536634980.0
11/9/2018 11:04,0.2,1536635040.0
11/9/2018 11:05,0.2,1536635100.0
11/9/2018 11:06,0.2,1536635160.0
11/9/2018 11:07,0.2,1536635220.0
11/9/2018 11:08,0.2,1536635280.0
11/9/2018 11:09,0.2,1536635340.0
11/9/2018 11:10,0.2,1536635400.0
11/9/2018 11:11,0.19,1536635460.0
11/9/2018 11:12,0.19,1536635520.0
11/9/2018 11:13,0.19,1536635580.0
11/9/2018 11:14,0.19,1536635640.0
11/9/2018 11:15,0.19,1536635700.0
11/9/2018 11:16,0.19,1536635760.0
11/9/2018 11:17,0.19,1536635820.0
11/9/2018 11:18,0.19,1536635880.0
11/9/2018 11:19,0.19,1536635940.0
11/9/2018 11:20,0.19,1536636000.0
11/9/2018 11:21,0.19,1536636060.0
11/9/2018 11:22,0.19,1536636120.0
11/9/2018 11:23,0.19,1536636180.0
11/9/2018 11:24,0.19,1536636240.0
11/9/2018 11:25,0.19,1536636300.0
11/9/2018 11:26,0.19,1536636360.0
11/9/2018 11:27,0.18,1536636420.0
11/9/2018 11:28,0.18,1536636480.0
11/9/2018 11:29,0.18,1536636540.0
11/9/2018 11:30,0.18,1536636600.0
11/9/2018 11:31,0.18,1536636660.0
11/9/2018 11:32,0.18,1536636720.0
11/9/2018 11:33,0.18,1536636780.0
11/9/2018 11:34,0.18,1536636840.0
11/9/2018 11:35,0.18,1536636900.0
11/9/2018 11:36,0.18,1536636960.0
11/9/2018 11:37,0.18,1536637020.0
11/9/2018 11:38,0.18,1536637080.0
11/9/2018 11:39,0.18,1536637140.0
11/9/2018 11:40,0.18,1536637200.0
11/9/2018 11:41,0.18,1536637260.0
11/9/2018 11:42,0.18,1536637320.0
11/9/2018 11:43,0.18,1536637380.0
11/9/2018 11:44,0.18,1536637440.0
11/9/2018 11:45,0.18,1536637500.0
11/9/2018 11:46,0.18,1536637560.0
11/9/2018 11:47,0.18,1536637620.0
11/9/2018 11:48,0.17,1536637680.0
11/9/2018 11:49,0.17,1536637740.0
11/9/2018 11:50,0.17,1536637800.0
11/9/2018 11:51,0.17,1536637860.0
11/9/2018 11:52,0.17,1536637920.0
11/9/2018 11:53,0.17,1536637980.0
11/9/2018 11:54,0.17,1536638040.0
11/9/2018 11:55,0.17,1536638100.0
11/9/2018 11:56,0.17,1536638160.0
11/9/2018 11:57,0.17,1536638220.0
11/9/2018 11:58,0.17,1536638280.0
11/9/2018 11:59,0.17,1536638340.0
11/9/2018 12:00,0.17,1536638400.0
11/9/2018 12:01,0.17,1536638460.0
11/9/2018 12:02,0.17,1536638520.0
11/9/2018 12:03,0.17,1536638580.0
11/9/2018 12:04,0.17,1536638640.0
11/9/2018 12:05,0.17,1536638700.0
11/9/2018 12:06,0.16,1536638760.0
11/9/2018 12:07,0.16,1536638820.0
11/9/2018 12:08,0.16,1536638880.0
11/9/2018 12:09,0.16,1536638940.0
11/9/2018 12:10,0.16,1536639000.0
11/9/2018 12:11,0.16,1536639060.0
11/9/2018 12:12,0.16,1536639120.0
11/9/2018 12:13,0.16,1536639180.0
11/9/2018 12:14,0.16,1536639240.0
11/9/2018 12:15,0.16,1536639300.0
11/9/2018 12:16,0.16,1536639360.0
11/9/2018 12:17,0.16,1536639420.0
11/9/2018 12:18,0.16,1536639480.0
11/9/2018 12:19,0.16,1536639540.0
11/9/2018 12:20,0.16,1536639600.0
11/9/2018 12:21,0.16,1536639660.0
11/9/2018 12:22,0.16,1536639720.0
11/9/2018 12:23,0.16,1536639780.0
11/9/2018 12:24,0.16,1536639840.0
11/9/2018 12:25,0.16,1536639900.0
11/9/2018 12:26,0.16,1536639960.0
11/9/2018 12:27,0.16,1536640020.0
11/9/2018 12:28,0.16,1536640080.0
11/9/2018 12:29,0.16,1536640140.0
11/9/2018 12:30,0.16,1536640200.0
11/9/2018 12:31,0.16,1536640260.0
11/9/2018 12:32,0.16,1536640320.0
11/9/2018 12:33,0.16,1536640380.0
11/9/2018 12:34,0.16,1536640440.0
11/9/2018 12:35,0.16,1536640500.0
11/9/2018 12:36,0.16,1536640560.0
11/9/2018 12:37,0.16,1536640620.0
11/9/2018 12:38,0.15,1536640680.0
11/9/2018 12:39,0.15,1536640740.0
11/9/2018 12:40,0.15,1536640800.0
11/9/2018 12:41,0.15,1536640860.0
11/9/2018 12:42,0.15,1536640920.0
11/9/2018 12:43,0.15,1536640980.0
11/9/2018 12:44,0.15,1536641040.0
11/9/2018 12:45,0.15,1536641100.0
11/9/2018 12:46,0.15,1536641160.0
11/9/2018 12:47,0.15,1536641220.0
11/9/2018 12:48,0.15,1536641280.0
11/9/2018 12:49,0.15,1536641340.0
11/9/2018 12:50,0.16,1536641400.0
11/9/2018 12:51,0.15,1536641460.0
11/9/2018 12:52,0.15,1536641520.0
11/9/2018 12:53,0.15,1536641580.0
11/9/2018 12:54,0.15,1536641640.0
11/9/2018 12:55,0.15,1536641700.0
11/9/2018 12:56,0.15,1536641760.0
11/9/2018 12:57,0.15,1536641820.0
11/9/2018 12:58,0.15,1536641880.0
11/9/2018 12:59,0.15,1536641940.0
11/9/2018 13:00,0.15,1536642000.0
11/9/2018 13:01,0.15,1536642060.0
11/9/2018 13:02,0.15,1536642120.0
11/9/2018 13:03,0.15,1536642180.0
11/9/2018 13:04,0.16,1536642240.0
11/9/2018 13:05,0.17,1536642300.0
11/9/2018 13:06,0.17,1536642360.0
11/9/2018 13:07,0.17,1536642420.0
11/9/2018 13:08,0.17,1536642480.0
11/9/2018 13:09,0.17,1536642540.0
11/9/2018 13:10,0.17,1536642600.0
11/9/2018 13:11,0.17,1536642660.0
11/9/2018 13:12,0.16,1536642720.0
11/9/2018 13:13,0.16,1536642780.0
11/9/2018 13:14,0.16,1536642840.0
11/9/2018 13:15,0.16,1536642900.0
11/9/2018 13:16,0.16,1536642960.0
11/9/2018 13:17,0.16,1536643020.0
11/9/2018 13:18,0.16,1536643080.0
11/9/2018 13:19,0.16,1536643140.0
11/9/2018 13:20,0.16,1536643200.0
11/9/2018 13:21,0.15,1536643260.0
11/9/2018 13:22,0.16,1536643320.0
11/9/2018 13:23,0.16,1536643380.0
11/9/2018 13:24,0.16,1536643440.0
11/9/2018 13:25,0.15,1536643500.0
11/9/2018 13:26,0.15,1536643560.0
11/9/2018 13:27,0.15,1536643620.0
11/9/2018 13:28,0.15,1536643680.0
11/9/2018 13:29,0.15,1536643740.0
11/9/2018 13:30,0.15,1536643800.0
11/9/2018 13:31,0.15,1536643860.0
11/9/2018 13:32,0.15,1536643920.0
11/9/2018 13:33,0.15,1536643980.0
11/9/2018 13:34,0.15,1536644040.0
11/9/2018 13:35,0.15,1536644100.0
11/9/2018 13:36,0.15,1536644160.0
11/9/2018 13:37,0.15,1536644220.0
11/9/2018 13:38,0.15,1536644280.0
11/9/2018 13:39,0.15,1536644340.0
11/9/2018 13:40,0.15,1536644400.0
11/9/2018 13:41,0.15,1536644460.0
11/9/2018 13:42,0.15,1536644520.0
11/9/2018 13:43,0.15,1536644580.0
11/9/2018 13:44,0.15,1536644640.0
11/9/2018 13:45,0.15,1536644700.0
11/9/2018 13:46,0.15,1536644760.0
11/9/2018 13:47,0.15,1536644820.0
11/9/2018 13:48,0.15,1536644880.0
11/9/2018 13:49,0.15,1536644940.0
11/9/2018 13:50,0.15,1536645000.0
11/9/2018 13:51,0.15,1536645060.0
11/9/2018 13:52,0.15,1536645120.0
11/9/2018 13:53,0.15,1536645180.0
11/9/2018 13:54,0.15,1536645240.0
11/9/2018 13:55,0.15,1536645300.0
11/9/2018 13:56,0.15,1536645360.0
11/9/2018 13:57,0.15,1536645420.0
11/9/2018 13:58,0.15,1536645480.0
11/9/2018 13:59,0.15,1536645540.0
11/9/2018 14:00,0.15,1536645600.0
11/9/2018 14:01,0.15,1536645660.0
11/9/2018 14:02,0.15,1536645720.0
11/9/2018 14:03,0.15,1536645780.0
11/9/2018 14:04,0.15,1536645840.0
11/9/2018 14:05,0.15,1536645900.0
11/9/2018 14:06,0.15,1536645960.0
11/9/2018 14:07,0.15,1536646020.0
11/9/2018 14:08,0.15,1536646080.0
11/9/2018 14:09,0.15,1536646140.0
11/9/2018 14:10,0.15,1536646200.0
11/9/2018 14:11,0.15,1536646260.0
11/9/2018 14:12,0.16,1536646320.0
11/9/2018 14:13,0.16,1536646380.0
11/9/2018 14:14,0.16,1536646440.0
11/9/2018 14:15,0.16,1536646500.0
11/9/2018 14:16,0.16,1536646560.0
11/9/2018 14:17,0.16,1536646620.0
11/9/2018 14:18,0.16,1536646680.0
11/9/2018 14:19,0.16,1536646740.0
11/9/2018 14:20,0.16,1536646800.0
11/9/2018 14:21,0.16,1536646860.0
11/9/2018 14:22,0.16,1536646920.0
11/9/2018 14:23,0.16,1536646980.0
11/9/2018 14:24,0.16,1536647040.0
11/9/2018 14:25,0.16,1536647100.0
11/9/2018 14:26,0.17,1536647160.0
11/9/2018 14:27,0.16,1536647220.0
11/9/2018 14:28,0.16,1536647280.0
11/9/2018 14:29,0.16,1536647340.0
11/9/2018 14:30,0.16,1536647400.0
11/9/2018 14:31,0.16,1536647460.0
11/9/2018 14:32,0.16,1536647520.0
11/9/2018 14:33,0.16,1536647580.0
11/9/2018 14:34,0.16,1536647640.0
11/9/2018 14:35,0.16,1536647700.0
11/9/2018 14:36,0.16,1536647760.0
11/9/2018 14:37,0.16,1536647820.0
11/9/2018 14:38,0.16,1536647880.0
11/9/2018 14:39,0.16,1536647940.0
11/9/2018 14:40,0.16,1536648000.0
11/9/2018 14:41,0.16,1536648060.0
11/9/2018 14:42,0.16,1536648120.0
11/9/2018 14:43,0.16,1536648180.0
11/9/2018 14:44,0.16,1536648240.0
11/9/2018 14:45,0.16,1536648300.0
11/9/2018 14:46,0.16,1536648360.0
11/9/2018 14:47,0.16,1536648420.0
11/9/2018 14:48,0.16,1536648480.0
11/9/2018 14:49,0.15,1536648540.0
11/9/2018 14:50,0.15,1536648600.0
11/9/2018 14:51,0.15,1536648660.0
11/9/2018 14:52,0.15,1536648720.0
11/9/2018 14:53,0.15,1536648780.0
11/9/2018 14:54,0.15,1536648840.0
11/9/2018 14:55,0.15,1536648900.0
11/9/2018 14:56,0.15,1536648960.0
11/9/2018 14:57,0.15,1536649020.0
11/9/2018 14:58,0.15,1536649080.0
11/9/2018 14:59,0.15,1536649140.0
11/9/2018 15:00,0.15,1536649200.0
11/9/2018 15:01,0.15,1536649260.0
11/9/2018 15:02,0.15,1536649320.0
11/9/2018 15:03,0.15,1536649380.0
11/9/2018 15:04,0.15,1536649440.0
11/9/2018 15:05,0.15,1536649500.0
11/9/2018 15:06,0.15,1536649560.0
11/9/2018 15:07,0.15,1536649620.0
11/9/2018 15:08,0.14,1536649680.0
11/9/2018 15:09,0.14,1536649740.0
11/9/2018 15:10,0.14,1536649800.0
11/9/2018 15:11,0.14,1536649860.0
11/9/2018 15:12,0.14,1536649920.0
11/9/2018 15:13,0.14,1536649980.0
11/9/2018 15:14,0.14,1536650040.0
11/9/2018 15:15,0.14,1536650100.0
11/9/2018 15:16,0.14,1536650160.0
11/9/2018 15:17,0.14,1536650220.0
11/9/2018 15:18,0.14,1536650280.0
11/9/2018 15:19,0.14,1536650340.0
11/9/2018 15:20,0.14,1536650400.0
11/9/2018 15:21,0.14,1536650460.0
11/9/2018 15:22,0.14,1536650520.0
11/9/2018 15:23,0.14,1536650580.0
11/9/2018 15:24,0.14,1536650640.0
11/9/2018 15:25,0.14,1536650700.0
11/9/2018 15:26,0.14,1536650760.0
11/9/2018 15:27,0.14,1536650820.0
11/9/2018 15:28,0.14,1536650880.0
11/9/2018 15:29,0.14,1536650940.0
11/9/2018 15:30,0.14,1536651000.0
11/9/2018 15:31,0.14,1536651060.0
11/9/2018 15:32,0.14,1536651120.0
11/9/2018 15:33,0.14,1536651180.0
11/9/2018 15:34,0.14,1536651240.0
11/9/2018 15:35,0.14,1536651300.0
11/9/2018 15:36,0.14,1536651360.0
11/9/2018 15:37,0.13,1536651420.0
11/9/2018 15:38,0.13,1536651480.0
11/9/2018 15:39,0.13,1536651540.0
11/9/2018 15:40,0.13,1536651600.0
11/9/2018 15:41,0.13,1536651660.0
11/9/2018 15:42,0.13,1536651720.0
11/9/2018 15:43,0.13,1536651780.0
11/9/2018 15:44,0.13,1536651840.0
11/9/2018 15:45,0.13,1536651900.0
11/9/2018 15:46,0.13,1536651960.0
11/9/2018 15:47,0.13,1536652020.0
11/9/2018 15:48,0.13,1536652080.0
11/9/2018 15:49,0.13,1536652140.0
11/9/2018 15:50,0.13,1536652200.0
11/9/2018 15:51,0.13,1536652260.0
11/9/2018 15:52,0.13,1536652320.0
11/9/2018 15:53,0.13,1536652380.0
11/9/2018 15:54,0.13,1536652440.0
11/9/2018 15:55,0.13,1536652500.0
11/9/2018 15:56,0.13,1536652560.0
11/9/2018 15:57,0.13,1536652620.0
11/9/2018 15:58,0.13,1536652680.0
11/9/2018 15:59,0.13,1536652740.0
11/9/2018 16:00,0.13,1536652800.0
11/9/2018 16:01,0.13,1536652860.0
11/9/2018 16:02,0.13,1536652920.0
11/9/2018 16:03,0.13,1536652980.0
11/9/2018 16:04,0.13,1536653040.0
11/9/2018 16:05,0.13,1536653100.0
11/9/2018 16:06,0.13,1536653160.0
11/9/2018 16:07,0.13,1536653220.0
11/9/2018 16:08,0.12,1536653280.0
11/9/2018 16:09,0.12,1536653340.0
11/9/2018 16:10,0.12,1536653400.0
11/9/2018 16:11,0.12,1536653460.0
11/9/2018 16:12,0.12,1536653520.0
11/9/2018 16:13,0.12,1536653580.0
11/9/2018 16:14,0.12,1536653640.0
11/9/2018 16:15,0.12,1536653700.0
11/9/2018 16:16,0.12,1536653760.0
11/9/2018 16:17,0.12,1536653820.0
11/9/2018 16:18,0.12,1536653880.0
11/9/2018 16:19,0.12,1536653940.0
11/9/2018 16:20,0.12,1536654000.0
11/9/2018 16:21,0.12,1536654060.0
11/9/2018 16:22,0.12,1536654120.0
11/9/2018 16:23,0.12,1536654180.0
11/9/2018 16:24,0.12,1536654240.0
11/9/2018 16:25,0.12,1536654300.0
11/9/2018 16:26,0.12,1536654360.0
11/9/2018 16:27,0.12,1536654420.0
11/9/2018 16:28,0.12,1536654480.0
11/9/2018 16:29,0.12,1536654540.0
11/9/2018 16:30,0.12,1536654600.0
11/9/2018 16:31,0.12,1536654660.0
11/9/2018 16:32,0.12,1536654720.0
11/9/2018 16:33,0.12,1536654780.0
11/9/2018 16:34,0.12,1536654840.0
11/9/2018 16:35,0.12,1536654900.0
11/9/2018 16:36,0.12,1536654960.0
11/9/2018 16:37,0.12,1536655020.0
11/9/2018 16:38,0.12,1536655080.0
11/9/2018 16:39,0.12,1536655140.0
11/9/2018 16:40,0.12,1536655200.0
11/9/2018 16:41,0.12,1536655260.0
11/9/2018 16:42,0.12,1536655320.0
11/9/2018 16:43,0.12,1536655380.0
11/9/2018 16:44,0.12,1536655440.0
11/9/2018 16:45,0.12,1536655500.0
11/9/2018 16:46,0.12,1536655560.0
11/9/2018 16:47,0.12,1536655620.0
11/9/2018 16:48,0.12,1536655680.0
11/9/2018 16:49,0.12,1536655740.0
11/9/2018 16:50,0.12,1536655800.0
11/9/2018 16:51,0.12,1536655860.0
11/9/2018 16:52,0.12,1536655920.0
11/9/2018 16:53,0.12,1536655980.0
11/9/2018 16:54,0.12,1536656040.0
11/9/2018 16:55,0.12,1536656100.0
11/9/2018 16:56,0.13,1536656160.0
11/9/2018 16:57,0.13,1536656220.0
11/9/2018 16:58,0.12,1536656280.0
11/9/2018 16:59,0.12,1536656340.0
11/9/2018 17:00,0.12,1536656400.0
11/9/2018 17:01,0.12,1536656460.0
11/9/2018 17:02,0.12,1536656520.0
11/9/2018 17:03,0.12,1536656580.0
11/9/2018 17:04,0.12,1536656640.0
11/9/2018 17:05,0.12,1536656700.0
11/9/2018 17:06,0.12,1536656760.0
11/9/2018 17:07,0.12,1536656820.0
11/9/2018 17:08,0.12,1536656880.0
11/9/2018 17:09,0.12,1536656940.0
11/9/2018 17:10,0.12,1536657000.0
11/9/2018 17:11,0.12,1536657060.0
11/9/2018 17:12,0.12,1536657120.0
11/9/2018 17:13,0.12,1536657180.0
11/9/2018 17:14,0.12,1536657240.0
11/9/2018 17:15,0.12,1536657300.0
11/9/2018 17:16,0.12,1536657360.0
11/9/2018 17:17,0.12,1536657420.0
11/9/2018 17:18,0.12,1536657480.0
11/9/2018 17:19,0.12,1536657540.0
11/9/2018 17:20,0.12,1536657600.0
11/9/2018 17:21,0.12,1536657660.0
11/9/2018 17:22,0.12,1536657720.0
11/9/2018 17:23,0.12,1536657780.0
11/9/2018 17:24,0.12,1536657840.0
11/9/2018 17:25,0.11,1536657900.0
11/9/2018 17:26,0.11,1536657960.0
11/9/2018 17:27,0.11,1536658020.0
11/9/2018 17:28,0.11,1536658080.0
11/9/2018 17:29,0.11,1536658140.0
11/9/2018 17:30,0.11,1536658200.0
11/9/2018 17:31,0.11,1536658260.0
11/9/2018 17:32,0.11,1536658320.0
11/9/2018 17:33,0.11,1536658380.0
11/9/2018 17:34,0.11,1536658440.0
11/9/2018 17:35,0.11,1536658500.0
11/9/2018 17:36,0.11,1536658560.0
11/9/2018 17:37,0.11,1536658620.0
11/9/2018 17:38,0.11,1536658680.0
11/9/2018 17:39,0.11,1536658740.0
11/9/2018 17:40,0.11,1536658800.0
11/9/2018 17:41,0.11,1536658860.0
11/9/2018 17:42,0.11,1536658920.0
11/9/2018 17:43,0.11,1536658980.0
11/9/2018 17:44,0.11,1536659040.0
11/9/2018 17:45,0.11,1536659100.0
11/9/2018 17:46,0.11,1536659160.0
11/9/2018 17:47,0.11,1536659220.0
11/9/2018 17:48,0.11,1536659280.0
11/9/2018 17:49,0.11,1536659340.0
11/9/2018 17:50,0.11,1536659400.0
11/9/2018 17:51,0.11,1536659460.0
11/9/2018 17:52,0.11,1536659520.0
11/9/2018 17:53,0.11,1536659580.0
11/9/2018 17:54,0.11,1536659640.0
11/9/2018 17:55,0.11,1536659700.0
11/9/2018 17:56,0.11,1536659760.0
11/9/2018 17:57,0.11,1536659820.0
11/9/2018 17:58,0.11,1536659880.0
11/9/2018 17:59,0.11,1536659940.0
11/9/2018 18:00,0.11,1536660000.0
11/9/2018 18:01,0.11,1536660060.0
11/9/2018 18:02,0.11,1536660120.0
11/9/2018 18:03,0.11,1536660180.0
11/9/2018 18:04,0.11,1536660240.0
11/9/2018 18:05,0.11,1536660300.0
11/9/2018 18:06,0.11,1536660360.0
11/9/2018 18:07,0.11,1536660420.0
11/9/2018 18:08,0.11,1536660480.0
11/9/2018 18:09,0.11,1536660540.0
11/9/2018 18:10,0.11,1536660600.0
11/9/2018 18:11,0.11,1536660660.0
11/9/2018 18:12,0.11,1536660720.0
11/9/2018 18:13,0.11,1536660780.0
11/9/2018 18:14,0.11,1536660840.0
11/9/2018 18:15,0.11,1536660900.0
11/9/2018 18:16,0.11,1536660960.0
11/9/2018 18:17,0.11,1536661020.0
11/9/2018 18:18,0.11,1536661080.0
11/9/2018 18:19,0.11,1536661140.0
11/9/2018 18:20,0.11,1536661200.0
11/9/2018 18:21,0.11,1536661260.0
11/9/2018 18:22,0.11,1536661320.0
11/9/2018 18:23,0.11,1536661380.0
11/9/2018 18:24,0.11,1536661440.0
11/9/2018 18:25,0.11,1536661500.0
11/9/2018 18:26,0.11,1536661560.0
11/9/2018 18:27,0.11,1536661620.0
11/9/2018 18:28,0.11,1536661680.0
11/9/2018 18:29,0.11,1536661740.0
11/9/2018 18:30,0.11,1536661800.0
11/9/2018 18:31,0.11,1536661860.0
11/9/2018 18:32,0.11,1536661920.0
11/9/2018 18:33,0.11,1536661980.0
11/9/2018 18:34,0.11,1536662040.0
11/9/2018 18:35,0.11,1536662100.0
11/9/2018 18:36,0.11,1536662160.0
11/9/2018 18:37,0.11,1536662220.0
11/9/2018 18:38,0.11,1536662280.0
11/9/2018 18:39,0.11,1536662340.0
11/9/2018 18:40,0.11,1536662400.0
11/9/2018 18:41,0.11,1536662460.0
11/9/2018 18:42,0.11,1536662520.0
11/9/2018 18:43,0.11,1536662580.0
11/9/2018 18:44,0.11,1536662640.0
11/9/2018 18:45,0.11,1536662700.0
11/9/2018 18:46,0.11,1536662760.0
11/9/2018 18:47,0.11,1536662820.0
11/9/2018 18:48,0.11,1536662880.0
11/9/2018 18:49,0.11,1536662940.0
11/9/2018 18:50,0.11,1536663000.0
11/9/2018 18:51,0.12,1536663060.0
11/9/2018 18:52,0.11,1536663120.0
11/9/2018 18:53,0.11,1536663180.0
11/9/2018 18:54,0.11,1536663240.0
11/9/2018 18:55,0.11,1536663300.0
11/9/2018 18:56,0.11,1536663360.0
11/9/2018 18:57,0.11,1536663420.0
11/9/2018 18:58,0.11,1536663480.0
11/9/2018 18:59,0.12,1536663540.0
11/9/2018 19:00,0.11,1536663600.0
11/9/2018 19:01,0.12,1536663660.0
11/9/2018 19:02,0.11,1536663720.0
11/9/2018 19:03,0.11,1536663780.0
11/9/2018 19:04,0.11,1536663840.0
11/9/2018 19:05,0.11,1536663900.0
11/9/2018 19:06,0.11,1536663960.0
11/9/2018 19:07,0.11,1536664020.0
11/9/2018 19:08,0.11,1536664080.0
11/9/2018 19:09,0.11,1536664140.0
11/9/2018 19:10,0.11,1536664200.0
11/9/2018 19:11,0.11,1536664260.0
11/9/2018 19:12,0.11,1536664320.0
11/9/2018 19:13,0.11,1536664380.0
11/9/2018 19:14,0.11,1536664440.0
11/9/2018 19:15,0.11,1536664500.0
11/9/2018 19:16,0.11,1536664560.0
11/9/2018 19:17,0.11,1536664620.0
11/9/2018 19:18,0.11,1536664680.0
11/9/2018 19:19,0.11,1536664740.0
11/9/2018 19:20,0.11,1536664800.0
11/9/2018 19:21,0.11,1536664860.0
11/9/2018 19:22,0.12,1536664920.0
11/9/2018 19:23,0.12,1536664980.0
11/9/2018 19:24,0.12,1536665040.0
11/9/2018 19:25,0.12,1536665100.0
11/9/2018 19:26,0.12,1536665160.0
11/9/2018 19:27,0.12,1536665220.0
11/9/2018 19:28,0.12,1536665280.0
11/9/2018 19:29,0.12,1536665340.0
11/9/2018 19:30,0.12,1536665400.0
11/9/2018 19:31,0.12,1536665460.0
11/9/2018 19:32,0.12,1536665520.0
11/9/2018 19:33,0.12,1536665580.0
11/9/2018 19:34,0.12,1536665640.0
11/9/2018 19:35,0.12,1536665700.0
11/9/2018 19:36,0.12,1536665760.0
11/9/2018 19:37,0.12,1536665820.0
11/9/2018 19:38,0.12,1536665880.0
11/9/2018 19:39,0.12,1536665940.0
11/9/2018 19:40,0.12,1536666000.0
11/9/2018 19:41,0.12,1536666060.0
11/9/2018 19:42,0.12,1536666120.0
11/9/2018 19:43,0.12,1536666180.0
11/9/2018 19:44,0.12,1536666240.0
11/9/2018 19:45,0.12,1536666300.0
11/9/2018 19:46,0.12,1536666360.0
11/9/2018 19:47,0.12,1536666420.0
11/9/2018 19:48,0.12,1536666480.0
11/9/2018 19:49,0.12,1536666540.0
11/9/2018 19:50,0.12,1536666600.0
11/9/2018 19:51,0.12,1536666660.0
11/9/2018 19:52,0.12,1536666720.0
11/9/2018 19:53,0.12,1536666780.0
11/9/2018 19:54,0.12,1536666840.0
11/9/2018 19:55,0.12,1536666900.0
11/9/2018 19:56,0.12,1536666960.0
11/9/2018 19:57,0.12,1536667020.0
11/9/2018 19:58,0.12,1536667080.0
11/9/2018 19:59,0.12,1536667140.0
11/9/2018 20:00,0.12,1536667200.0
11/9/2018 20:01,0.12,1536667260.0
11/9/2018 20:02,0.12,1536667320.0
11/9/2018 20:03,0.12,1536667380.0
11/9/2018 20:04,0.12,1536667440.0
11/9/2018 20:05,0.12,1536667500.0
11/9/2018 20:06,0.12,1536667560.0
11/9/2018 20:07,0.12,1536667620.0
11/9/2018 20:08,0.12,1536667680.0
11/9/2018 20:09,0.12,1536667740.0
11/9/2018 20:10,0.12,1536667800.0
11/9/2018 20:11,0.12,1536667860.0
11/9/2018 20:12,0.12,1536667920.0
11/9/2018 20:13,0.12,1536667980.0
11/9/2018 20:14,0.12,1536668040.0
11/9/2018 20:15,0.12,1536668100.0
11/9/2018 20:16,0.12,1536668160.0
11/9/2018 20:17,0.12,1536668220.0
11/9/2018 20:18,0.12,1536668280.0
11/9/2018 20:19,0.12,1536668340.0
11/9/2018 20:20,0.12,1536668400.0
11/9/2018 20:21,0.12,1536668460.0
11/9/2018 20:22,0.12,1536668520.0
11/9/2018 20:23,0.12,1536668580.0
11/9/2018 20:24,0.12,1536668640.0
11/9/2018 20:25,0.12,1536668700.0
11/9/2018 20:26,0.12,1536668760.0
11/9/2018 20:27,0.12,1536668820.0
11/9/2018 20:28,0.12,1536668880.0
11/9/2018 20:29,0.12,1536668940.0
11/9/2018 20:30,0.12,1536669000.0
11/9/2018 20:31,0.12,1536669060.0
11/9/2018 20:32,0.12,1536669120.0
11/9/2018 20:33,0.12,1536669180.0
11/9/2018 20:34,0.12,1536669240.0
11/9/2018 20:35,0.12,1536669300.0
11/9/2018 20:36,0.12,1536669360.0
11/9/2018 20:37,0.12,1536669420.0
11/9/2018 20:38,0.12,1536669480.0
11/9/2018 20:39,0.12,1536669540.0
11/9/2018 20:40,0.12,1536669600.0
11/9/2018 20:41,0.12,1536669660.0
11/9/2018 20:42,0.12,1536669720.0
11/9/2018 20:43,0.12,1536669780.0
11/9/2018 20:44,0.12,1536669840.0
11/9/2018 20:45,0.12,1536669900.0
11/9/2018 20:46,0.12,1536669960.0
11/9/2018 20:47,0.12,1536670020.0
11/9/2018 20:48,0.12,1536670080.0
11/9/2018 20:49,0.12,1536670140.0
11/9/2018 20:50,0.12,1536670200.0
11/9/2018 20:51,0.12,1536670260.0
11/9/2018 20:52,0.12,1536670320.0
11/9/2018 20:53,0.12,1536670380.0
11/9/2018 20:54,0.12,1536670440.0
11/9/2018 20:55,0.12,1536670500.0
11/9/2018 20:56,0.12,1536670560.0
11/9/2018 20:57,0.12,1536670620.0
11/9/2018 20:58,0.12,1536670680.0
11/9/2018 20:59,0.12,1536670740.0
11/9/2018 21:00,0.12,1536670800.0
11/9/2018 21:01,0.12,1536670860.0
11/9/2018 21:02,0.12,1536670920.0
11/9/2018 21:03,0.12,1536670980.0
11/9/2018 21:04,0.12,1536671040.0
11/9/2018 21:05,0.12,1536671100.0
11/9/2018 21:06,0.12,1536671160.0
11/9/2018 21:07,0.12,1536671220.0
11/9/2018 21:08,0.12,1536671280.0
11/9/2018 21:09,0.12,1536671340.0
11/9/2018 21:10,0.12,1536671400.0
11/9/2018 21:11,0.12,1536671460.0
11/9/2018 21:12,0.12,1536671520.0
11/9/2018 21:13,0.12,1536671580.0
11/9/2018 21:14,0.12,1536671640.0
11/9/2018 21:15,0.12,1536671700.0
11/9/2018 21:16,0.12,1536671760.0
11/9/2018 21:17,0.12,1536671820.0
11/9/2018 21:18,0.12,1536671880.0
11/9/2018 21:19,0.12,1536671940.0
11/9/2018 21:20,0.12,1536672000.0
11/9/2018 21:21,0.12,1536672060.0
11/9/2018 21:22,0.11,1536672120.0
11/9/2018 21:23,0.12,1536672180.0
11/9/2018 21:24,0.12,1536672240.0
11/9/2018 21:25,0.12,1536672300.0
11/9/2018 21:26,0.12,1536672360.0
11/9/2018 21:27,0.11,1536672420.0
11/9/2018 21:28,0.11,1536672480.0
11/9/2018 21:29,0.11,1536672540.0
11/9/2018 21:30,0.11,1536672600.0
11/9/2018 21:31,0.11,1536672660.0
11/9/2018 21:32,0.12,1536672720.0
11/9/2018 21:33,0.11,1536672780.0
11/9/2018 21:34,0.11,1536672840.0
11/9/2018 21:35,0.11,1536672900.0
11/9/2018 21:36,0.12,1536672960.0
11/9/2018 21:37,0.12,1536673020.0
11/9/2018 21:38,0.12,1536673080.0
11/9/2018 21:39,0.12,1536673140.0
11/9/2018 21:40,0.12,1536673200.0
11/9/2018 21:41,0.12,1536673260.0
11/9/2018 21:42,0.12,1536673320.0
11/9/2018 21:43,0.12,1536673380.0
11/9/2018 21:44,0.12,1536673440.0
11/9/2018 21:45,0.12,1536673500.0
11/9/2018 21:46,0.12,1536673560.0
11/9/2018 21:47,0.12,1536673620.0
11/9/2018 21:48,0.12,1536673680.0
11/9/2018 21:49,0.12,1536673740.0
11/9/2018 21:50,0.12,1536673800.0
11/9/2018 21:51,0.12,1536673860.0
11/9/2018 21:52,0.12,1536673920.0
11/9/2018 21:53,0.12,1536673980.0
11/9/2018 21:54,0.12,1536674040.0
11/9/2018 21:55,0.12,1536674100.0
11/9/2018 21:56,0.12,1536674160.0
11/9/2018 21:57,0.12,1536674220.0
11/9/2018 21:58,0.12,1536674280.0
11/9/2018 21:59,0.12,1536674340.0
11/9/2018 22:00,0.12,1536674400.0
11/9/2018 22:01,0.12,1536674460.0
11/9/2018 22:02,0.12,1536674520.0
11/9/2018 22:03,0.12,1536674580.0
11/9/2018 22:04,0.12,1536674640.0
11/9/2018 22:05,0.12,1536674700.0
11/9/2018 22:06,0.12,1536674760.0
11/9/2018 22:07,0.12,1536674820.0
11/9/2018 22:08,0.12,1536674880.0
11/9/2018 22:09,0.12,1536674940.0
11/9/2018 22:10,0.12,1536675000.0
11/9/2018 22:11,0.12,1536675060.0
11/9/2018 22:12,0.12,1536675120.0
11/9/2018 22:13,0.12,1536675180.0
11/9/2018 22:14,0.12,1536675240.0
11/9/2018 22:15,0.12,1536675300.0
11/9/2018 22:16,0.12,1536675360.0
11/9/2018 22:17,0.12,1536675420.0
11/9/2018 22:18,0.12,1536675480.0
11/9/2018 22:19,0.12,1536675540.0
11/9/2018 22:20,0.12,1536675600.0
11/9/2018 22:21,0.12,1536675660.0
11/9/2018 22:22,0.11,1536675720.0
11/9/2018 22:23,0.12,1536675780.0
11/9/2018 22:24,0.12,1536675840.0
11/9/2018 22:25,0.12,1536675900.0
11/9/2018 22:26,0.12,1536675960.0
11/9/2018 22:27,0.12,1536676020.0
11/9/2018 22:28,0.12,1536676080.0
11/9/2018 22:29,0.12,1536676140.0
11/9/2018 22:30,0.12,1536676200.0
11/9/2018 22:31,0.12,1536676260.0
11/9/2018 22:32,0.12,1536676320.0
11/9/2018 22:33,0.12,1536676380.0
11/9/2018 22:34,0.12,1536676440.0
11/9/2018 22:35,0.12,1536676500.0
11/9/2018 22:36,0.12,1536676560.0
11/9/2018 22:37,0.12,1536676620.0
11/9/2018 22:38,0.12,1536676680.0
11/9/2018 22:39,0.12,1536676740.0
11/9/2018 22:40,0.12,1536676800.0
11/9/2018 22:41,0.12,1536676860.0
11/9/2018 22:42,0.12,1536676920.0
11/9/2018 22:43,0.12,1536676980.0
11/9/2018 22:44,0.12,1536677040.0
11/9/2018 22:45,0.12,1536677100.0
11/9/2018 22:46,0.12,1536677160.0
11/9/2018 22:47,0.12,1536677220.0
11/9/2018 22:48,0.12,1536677280.0
11/9/2018 22:49,0.12,1536677340.0
11/9/2018 22:50,0.12,1536677400.0
11/9/2018 22:51,0.12,1536677460.0
11/9/2018 22:52,0.12,1536677520.0
11/9/2018 22:53,0.12,1536677580.0
11/9/2018 22:54,0.12,1536677640.0
11/9/2018 22:55,0.12,1536677700.0
11/9/2018 22:56,0.12,1536677760.0
11/9/2018 22:57,0.12,1536677820.0
11/9/2018 22:58,0.12,1536677880.0
11/9/2018 22:59,0.12,1536677940.0
11/9/2018 23:00,0.12,1536678000.0
11/9/2018 23:01,0.12,1536678060.0
11/9/2018 23:02,0.12,1536678120.0
11/9/2018 23:03,0.12,1536678180.0
11/9/2018 23:04,0.12,1536678240.0
11/9/2018 23:05,0.11,1536678300.0
11/9/2018 23:06,0.12,1536678360.0
11/9/2018 23:07,0.12,1536678420.0
11/9/2018 23:08,0.12,1536678480.0
11/9/2018 23:09,0.12,1536678540.0
11/9/2018 23:10,0.11,1536678600.0
11/9/2018 23:11,0.12,1536678660.0
11/9/2018 23:12,0.11,1536678720.0
11/9/2018 23:13,0.11,1536678780.0
11/9/2018 23:14,0.12,1536678840.0
11/9/2018 23:15,0.11,1536678900.0
11/9/2018 23:16,0.11,1536678960.0
11/9/2018 23:17,0.12,1536679020.0
11/9/2018 23:18,0.11,1536679080.0
11/9/2018 23:19,0.11,1536679140.0
11/9/2018 23:20,0.11,1536679200.0
11/9/2018 23:21,0.11,1536679260.0
11/9/2018 23:22,0.11,1536679320.0
11/9/2018 23:23,0.11,1536679380.0
11/9/2018 23:24,0.11,1536679440.0
11/9/2018 23:25,0.11,1536679500.0
11/9/2018 23:26,0.11,1536679560.0
11/9/2018 23:27,0.11,1536679620.0
11/9/2018 23:28,0.11,1536679680.0
11/9/2018 23:29,0.11,1536679740.0
11/9/2018 23:30,0.11,1536679800.0
11/9/2018 23:31,0.11,1536679860.0
11/9/2018 23:32,0.11,1536679920.0
11/9/2018 23:33,0.11,1536679980.0
11/9/2018 23:34,0.11,1536680040.0
11/9/2018 23:35,0.11,1536680100.0
11/9/2018 23:36,0.11,1536680160.0
11/9/2018 23:37,0.11,1536680220.0
11/9/2018 23:38,0.11,1536680280.0
11/9/2018 23:39,0.11,1536680340.0
11/9/2018 23:40,0.11,1536680400.0
11/9/2018 23:41,0.11,1536680460.0
11/9/2018 23:42,0.11,1536680520.0
11/9/2018 23:43,0.11,1536680580.0
11/9/2018 23:44,0.11,1536680640.0
11/9/2018 23:45,0.11,1536680700.0
11/9/2018 23:46,0.11,1536680760.0
11/9/2018 23:47,0.11,1536680820.0
11/9/2018 23:48,0.11,1536680880.0
11/9/2018 23:49,0.11,1536680940.0
11/9/2018 23:50,0.11,1536681000.0
11/9/2018 23:51,0.11,1536681060.0
11/9/2018 23:52,0.11,1536681120.0
11/9/2018 23:53,0.11,1536681180.0
11/9/2018 23:54,0.11,1536681240.0
11/9/2018 23:55,0.11,1536681300.0
11/9/2018 23:56,0.11,1536681360.0
11/9/2018 23:57,0.11,1536681420.0
11/9/2018 23:58,0.11,1536681480.0
11/9/2018 23:59,0.11,1536681540.0
12/9/2018 0:00,0.11,1536681600.0
12/9/2018 0:01,0.11,1536681660.0
12/9/2018 0:02,0.11,1536681720.0
12/9/2018 0:03,0.11,1536681780.0
12/9/2018 0:04,0.11,1536681840.0
12/9/2018 0:05,0.11,1536681900.0
12/9/2018 0:06,0.11,1536681960.0
12/9/2018 0:07,0.11,1536682020.0
12/9/2018 0:08,0.11,1536682080.0
12/9/2018 0:09,0.11,1536682140.0
12/9/2018 0:10,0.11,1536682200.0
12/9/2018 0:11,0.11,1536682260.0
12/9/2018 0:12,0.11,1536682320.0
12/9/2018 0:13,0.11,1536682380.0
12/9/2018 0:14,0.11,1536682440.0
12/9/2018 0:15,0.11,1536682500.0
12/9/2018 0:16,0.11,1536682560.0
12/9/2018 0:17,0.11,1536682620.0
12/9/2018 0:18,0.11,1536682680.0
12/9/2018 0:19,0.11,1536682740.0
12/9/2018 0:20,0.11,1536682800.0
12/9/2018 0:21,0.11,1536682860.0
12/9/2018 0:22,0.11,1536682920.0
12/9/2018 0:23,0.11,1536682980.0
12/9/2018 0:24,0.11,1536683040.0
12/9/2018 0:25,0.11,1536683100.0
12/9/2018 0:26,0.11,1536683160.0
12/9/2018 0:27,0.11,1536683220.0
12/9/2018 0:28,0.11,1536683280.0
12/9/2018 0:29,0.11,1536683340.0
12/9/2018 0:30,0.11,1536683400.0
12/9/2018 0:31,0.11,1536683460.0
12/9/2018 0:32,0.11,1536683520.0
12/9/2018 0:33,0.11,1536683580.0
12/9/2018 0:34,0.11,1536683640.0
12/9/2018 0:35,0.11,1536683700.0
12/9/2018 0:36,0.11,1536683760.0
12/9/2018 0:37,0.11,1536683820.0
12/9/2018 0:38,0.11,1536683880.0
12/9/2018 0:39,0.11,1536683940.0
12/9/2018 0:40,0.11,1536684000.0
12/9/2018 0:41,0.11,1536684060.0
12/9/2018 0:42,0.11,1536684120.0
12/9/2018 0:43,0.11,1536684180.0
12/9/2018 0:44,0.11,1536684240.0
12/9/2018 0:45,0.11,1536684300.0
12/9/2018 0:46,0.11,1536684360.0
12/9/2018 0:47,0.11,1536684420.0
12/9/2018 0:48,0.11,1536684480.0
12/9/2018 0:49,0.11,1536684540.0
12/9/2018 0:50,0.11,1536684600.0
12/9/2018 0:51,0.11,1536684660.0
12/9/2018 0:52,0.11,1536684720.0
12/9/2018 0:53,0.11,1536684780.0
12/9/2018 0:54,0.11,1536684840.0
12/9/2018 0:55,0.11,1536684900.0
12/9/2018 0:56,0.11,1536684960.0
12/9/2018 0:57,0.11,1536685020.0
12/9/2018 0:58,0.11,1536685080.0
12/9/2018 0:59,0.11,1536685140.0
12/9/2018 1:00,0.11,1536685200.0
12/9/2018 1:01,0.11,1536685260.0
12/9/2018 1:02,0.11,1536685320.0
12/9/2018 1:03,0.11,1536685380.0
12/9/2018 1:04,0.11,1536685440.0
12/9/2018 1:05,0.11,1536685500.0
12/9/2018 1:06,0.11,1536685560.0
12/9/2018 1:07,0.11,1536685620.0
12/9/2018 1:08,0.11,1536685680.0
12/9/2018 1:09,0.11,1536685740.0
12/9/2018 1:10,0.11,1536685800.0
12/9/2018 1:11,0.11,1536685860.0
12/9/2018 1:12,0.11,1536685920.0
12/9/2018 1:13,0.11,1536685980.0
12/9/2018 1:14,0.11,1536686040.0
12/9/2018 1:15,0.11,1536686100.0
12/9/2018 1:16,0.11,1536686160.0
12/9/2018 1:17,0.11,1536686220.0
12/9/2018 1:18,0.11,1536686280.0
12/9/2018 1:19,0.11,1536686340.0
12/9/2018 1:20,0.11,1536686400.0
12/9/2018 1:21,0.11,1536686460.0
12/9/2018 1:22,0.11,1536686520.0
12/9/2018 1:23,0.11,1536686580.0
12/9/2018 1:24,0.11,1536686640.0
12/9/2018 1:25,0.11,1536686700.0
12/9/2018 1:26,0.11,1536686760.0
12/9/2018 1:27,0.11,1536686820.0
12/9/2018 1:28,0.11,1536686880.0
12/9/2018 1:29,0.11,1536686940.0
12/9/2018 1:30,0.11,1536687000.0
12/9/2018 1:31,0.11,1536687060.0
12/9/2018 1:32,0.11,1536687120.0
12/9/2018 1:33,0.11,1536687180.0
12/9/2018 1:34,0.11,1536687240.0
12/9/2018 1:35,0.11,1536687300.0
12/9/2018 1:36,0.11,1536687360.0
12/9/2018 1:37,0.11,1536687420.0
12/9/2018 1:38,0.11,1536687480.0
12/9/2018 1:39,0.11,1536687540.0
12/9/2018 1:40,0.11,1536687600.0
12/9/2018 1:41,0.11,1536687660.0
12/9/2018 1:42,0.11,1536687720.0
12/9/2018 1:43,0.11,1536687780.0
12/9/2018 1:44,0.11,1536687840.0
12/9/2018 1:45,0.11,1536687900.0
12/9/2018 1:46,0.11,1536687960.0
12/9/2018 1:47,0.11,1536688020.0
12/9/2018 1:48,0.11,1536688080.0
12/9/2018 1:49,0.11,1536688140.0
12/9/2018 1:50,0.11,1536688200.0
12/9/2018 1:51,0.11,1536688260.0
12/9/2018 1:52,0.11,1536688320.0
12/9/2018 1:53,0.11,1536688380.0
12/9/2018 1:54,0.11,1536688440.0
12/9/2018 1:55,0.11,1536688500.0
12/9/2018 1:56,0.11,1536688560.0
12/9/2018 1:57,0.11,1536688620.0
12/9/2018 1:58,0.11,1536688680.0
12/9/2018 1:59,0.11,1536688740.0
12/9/2018 2:00,0.11,1536688800.0
12/9/2018 2:01,0.11,1536688860.0
12/9/2018 2:02,0.11,1536688920.0
12/9/2018 2:03,0.11,1536688980.0
12/9/2018 2:04,0.11,1536689040.0
12/9/2018 2:05,0.11,1536689100.0
12/9/2018 2:06,0.11,1536689160.0
12/9/2018 2:07,0.11,1536689220.0
12/9/2018 2:08,0.11,1536689280.0
12/9/2018 2:09,0.11,1536689340.0
12/9/2018 2:10,0.11,1536689400.0
12/9/2018 2:11,0.11,1536689460.0
12/9/2018 2:12,0.11,1536689520.0
12/9/2018 2:13,0.11,1536689580.0
12/9/2018 2:14,0.11,1536689640.0
12/9/2018 2:15,0.11,1536689700.0
12/9/2018 2:16,0.11,1536689760.0
12/9/2018 2:17,0.11,1536689820.0
12/9/2018 2:18,0.11,1536689880.0
12/9/2018 2:19,0.11,1536689940.0
12/9/2018 2:20,0.11,1536690000.0
12/9/2018 2:21,0.11,1536690060.0
12/9/2018 2:22,0.11,1536690120.0
12/9/2018 2:23,0.11,1536690180.0
12/9/2018 2:24,0.11,1536690240.0
12/9/2018 2:25,0.11,1536690300.0
12/9/2018 2:26,0.11,1536690360.0
12/9/2018 2:27,0.11,1536690420.0
12/9/2018 2:28,0.11,1536690480.0
12/9/2018 2:29,0.11,1536690540.0
12/9/2018 2:30,0.11,1536690600.0
12/9/2018 2:31,0.11,1536690660.0
12/9/2018 2:32,0.11,1536690720.0
12/9/2018 2:33,0.11,1536690780.0
12/9/2018 2:34,0.11,1536690840.0
12/9/2018 2:35,0.11,1536690900.0
12/9/2018 2:36,0.11,1536690960.0
12/9/2018 2:37,0.11,1536691020.0
12/9/2018 2:38,0.11,1536691080.0
12/9/2018 2:39,0.11,1536691140.0
12/9/2018 2:40,0.11,1536691200.0
12/9/2018 2:41,0.11,1536691260.0
12/9/2018 2:42,0.11,1536691320.0
12/9/2018 2:43,0.11,1536691380.0
12/9/2018 2:44,0.11,1536691440.0
12/9/2018 2:45,0.11,1536691500.0
12/9/2018 2:46,0.11,1536691560.0
12/9/2018 2:47,0.11,1536691620.0
12/9/2018 2:48,0.11,1536691680.0
12/9/2018 2:49,0.11,1536691740.0
12/9/2018 2:50,0.11,1536691800.0
12/9/2018 2:51,0.11,1536691860.0
12/9/2018 2:52,0.11,1536691920.0
12/9/2018 2:53,0.11,1536691980.0
12/9/2018 2:54,0.11,1536692040.0
12/9/2018 2:55,0.11,1536692100.0
12/9/2018 2:56,0.11,1536692160.0
12/9/2018 2:57,0.11,1536692220.0
12/9/2018 2:58,0.11,1536692280.0
12/9/2018 2:59,0.11,1536692340.0
12/9/2018 3:00,0.11,1536692400.0
12/9/2018 3:01,0.11,1536692460.0
12/9/2018 3:02,0.11,1536692520.0
12/9/2018 3:03,0.11,1536692580.0
12/9/2018 3:04,0.11,1536692640.0
12/9/2018 3:05,0.11,1536692700.0
12/9/2018 3:06,0.11,1536692760.0
12/9/2018 3:07,0.11,1536692820.0
12/9/2018 3:08,0.11,1536692880.0
12/9/2018 3:09,0.11,1536692940.0
12/9/2018 3:10,0.11,1536693000.0
12/9/2018 3:11,0.11,1536693060.0
12/9/2018 3:12,0.11,1536693120.0
12/9/2018 3:13,0.11,1536693180.0
12/9/2018 3:14,0.11,1536693240.0
12/9/2018 3:15,0.11,1536693300.0
12/9/2018 3:16,0.11,1536693360.0
12/9/2018 3:17,0.11,1536693420.0
12/9/2018 3:18,0.11,1536693480.0
12/9/2018 3:19,0.11,1536693540.0
12/9/2018 3:20,0.11,1536693600.0
12/9/2018 3:21,0.11,1536693660.0
12/9/2018 3:22,0.11,1536693720.0
12/9/2018 3:23,0.11,1536693780.0
12/9/2018 3:24,0.11,1536693840.0
12/9/2018 3:25,0.11,1536693900.0
12/9/2018 3:26,0.11,1536693960.0
12/9/2018 3:27,0.11,1536694020.0
12/9/2018 3:28,0.11,1536694080.0
12/9/2018 3:29,0.11,1536694140.0
12/9/2018 3:30,0.11,1536694200.0
12/9/2018 3:31,0.11,1536694260.0
12/9/2018 3:32,0.12,1536694320.0
12/9/2018 3:33,0.12,1536694380.0
12/9/2018 3:34,0.11,1536694440.0
12/9/2018 3:35,0.11,1536694500.0
12/9/2018 3:36,0.12,1536694560.0
12/9/2018 3:37,0.12,1536694620.0
12/9/2018 3:38,0.12,1536694680.0
12/9/2018 3:39,0.12,1536694740.0
12/9/2018 3:40,0.12,1536694800.0
12/9/2018 3:41,0.12,1536694860.0
12/9/2018 3:42,0.12,1536694920.0
12/9/2018 3:43,0.12,1536694980.0
12/9/2018 3:44,0.12,1536695040.0
12/9/2018 3:45,0.12,1536695100.0
12/9/2018 3:46,0.12,1536695160.0
12/9/2018 3:47,0.12,1536695220.0
12/9/2018 3:48,0.12,1536695280.0
12/9/2018 3:49,0.12,1536695340.0
12/9/2018 3:50,0.12,1536695400.0
12/9/2018 3:51,0.12,1536695460.0
12/9/2018 3:52,0.12,1536695520.0
12/9/2018 3:53,0.12,1536695580.0
12/9/2018 3:54,0.12,1536695640.0
12/9/2018 3:55,0.12,1536695700.0
12/9/2018 3:56,0.12,1536695760.0
12/9/2018 3:57,0.12,1536695820.0
12/9/2018 3:58,0.12,1536695880.0
12/9/2018 3:59,0.12,1536695940.0
12/9/2018 4:00,0.12,1536696000.0
12/9/2018 4:01,0.12,1536696060.0
12/9/2018 4:02,0.12,1536696120.0
12/9/2018 4:03,0.12,1536696180.0
12/9/2018 4:04,0.12,1536696240.0
12/9/2018 4:05,0.12,1536696300.0
12/9/2018 4:06,0.12,1536696360.0
12/9/2018 4:07,0.12,1536696420.0
12/9/2018 4:08,0.12,1536696480.0
12/9/2018 4:09,0.12,1536696540.0
12/9/2018 4:10,0.12,1536696600.0
12/9/2018 4:11,0.12,1536696660.0
12/9/2018 4:12,0.12,1536696720.0
12/9/2018 4:13,0.12,1536696780.0
12/9/2018 4:14,0.12,1536696840.0
12/9/2018 4:15,0.12,1536696900.0
12/9/2018 4:16,0.13,1536696960.0
12/9/2018 4:17,0.12,1536697020.0
12/9/2018 4:18,0.12,1536697080.0
12/9/2018 4:19,0.12,1536697140.0
12/9/2018 4:20,0.13,1536697200.0
12/9/2018 4:21,0.13,1536697260.0
12/9/2018 4:22,0.13,1536697320.0
12/9/2018 4:23,0.13,1536697380.0
12/9/2018 4:24,0.13,1536697440.0
12/9/2018 4:25,0.13,1536697500.0
12/9/2018 4:26,0.13,1536697560.0
12/9/2018 4:27,0.13,1536697620.0
12/9/2018 4:28,0.13,1536697680.0
12/9/2018 4:29,0.13,1536697740.0
12/9/2018 4:30,0.13,1536697800.0
12/9/2018 4:31,0.13,1536697860.0
12/9/2018 4:32,0.13,1536697920.0
12/9/2018 4:33,0.13,1536697980.0
12/9/2018 4:34,0.13,1536698040.0
12/9/2018 4:35,0.13,1536698100.0
12/9/2018 4:36,0.13,1536698160.0
12/9/2018 4:37,0.13,1536698220.0
12/9/2018 4:38,0.13,1536698280.0
12/9/2018 4:39,0.13,1536698340.0
12/9/2018 4:40,0.13,1536698400.0
12/9/2018 4:41,0.13,1536698460.0
12/9/2018 4:42,0.13,1536698520.0
12/9/2018 4:43,0.13,1536698580.0
12/9/2018 4:44,0.13,1536698640.0
12/9/2018 4:45,0.13,1536698700.0
12/9/2018 4:46,0.13,1536698760.0
12/9/2018 4:47,0.13,1536698820.0
12/9/2018 4:48,0.13,1536698880.0
12/9/2018 4:49,0.13,1536698940.0
12/9/2018 4:50,0.13,1536699000.0
12/9/2018 4:51,0.13,1536699060.0
12/9/2018 4:52,0.13,1536699120.0
12/9/2018 4:53,0.13,1536699180.0
12/9/2018 4:54,0.13,1536699240.0
12/9/2018 4:55,0.13,1536699300.0
12/9/2018 4:56,0.13,1536699360.0
12/9/2018 4:57,0.13,1536699420.0
12/9/2018 4:58,0.13,1536699480.0
12/9/2018 4:59,0.13,1536699540.0
12/9/2018 5:00,0.13,1536699600.0
12/9/2018 5:01,0.13,1536699660.0
12/9/2018 5:02,0.13,1536699720.0
12/9/2018 5:03,0.13,1536699780.0
12/9/2018 5:04,0.13,1536699840.0
12/9/2018 5:05,0.13,1536699900.0
12/9/2018 5:06,0.13,1536699960.0
12/9/2018 5:07,0.13,1536700020.0
12/9/2018 5:08,0.13,1536700080.0
12/9/2018 5:09,0.13,1536700140.0
12/9/2018 5:10,0.13,1536700200.0
12/9/2018 5:11,0.14,1536700260.0
12/9/2018 5:12,0.14,1536700320.0
12/9/2018 5:13,0.14,1536700380.0
12/9/2018 5:14,0.14,1536700440.0
12/9/2018 5:15,0.14,1536700500.0
12/9/2018 5:16,0.14,1536700560.0
12/9/2018 5:17,0.14,1536700620.0
12/9/2018 5:18,0.14,1536700680.0
12/9/2018 5:19,0.14,1536700740.0
12/9/2018 5:20,0.14,1536700800.0
12/9/2018 5:21,0.14,1536700860.0
12/9/2018 5:22,0.14,1536700920.0
12/9/2018 5:23,0.14,1536700980.0
12/9/2018 5:24,0.14,1536701040.0
12/9/2018 5:25,0.14,1536701100.0
12/9/2018 5:26,0.14,1536701160.0
12/9/2018 5:27,0.14,1536701220.0
12/9/2018 5:28,0.14,1536701280.0
12/9/2018 5:29,0.14,1536701340.0
12/9/2018 5:30,0.14,1536701400.0
12/9/2018 5:31,0.14,1536701460.0
12/9/2018 5:32,0.14,1536701520.0
12/9/2018 5:33,0.14,1536701580.0
12/9/2018 5:34,0.14,1536701640.0
12/9/2018 5:35,0.14,1536701700.0
12/9/2018 5:36,0.14,1536701760.0
12/9/2018 5:37,0.14,1536701820.0
12/9/2018 5:38,0.14,1536701880.0
12/9/2018 5:39,0.14,1536701940.0
12/9/2018 5:40,0.14,1536702000.0
12/9/2018 5:41,0.14,1536702060.0
12/9/2018 5:42,0.14,1536702120.0
12/9/2018 5:43,0.14,1536702180.0
12/9/2018 5:44,0.14,1536702240.0
12/9/2018 5:45,0.14,1536702300.0
12/9/2018 5:46,0.14,1536702360.0
12/9/2018 5:47,0.14,1536702420.0
12/9/2018 5:48,0.14,1536702480.0
12/9/2018 5:49,0.14,1536702540.0
12/9/2018 5:50,0.14,1536702600.0
12/9/2018 5:51,0.14,1536702660.0
12/9/2018 5:52,0.14,1536702720.0
12/9/2018 5:53,0.14,1536702780.0
12/9/2018 5:54,0.15,1536702840.0
12/9/2018 5:55,0.14,1536702900.0
12/9/2018 5:56,0.15,1536702960.0
12/9/2018 5:57,0.15,1536703020.0
12/9/2018 5:58,0.15,1536703080.0
12/9/2018 5:59,0.15,1536703140.0
12/9/2018 6:00,0.15,1536703200.0
12/9/2018 6:01,0.15,1536703260.0
12/9/2018 6:02,0.15,1536703320.0
12/9/2018 6:03,0.15,1536703380.0
12/9/2018 6:04,0.15,1536703440.0
12/9/2018 6:05,0.15,1536703500.0
12/9/2018 6:06,0.15,1536703560.0
12/9/2018 6:07,0.15,1536703620.0
12/9/2018 6:08,0.15,1536703680.0
12/9/2018 6:09,0.16,1536703740.0
12/9/2018 6:10,0.16,1536703800.0
12/9/2018 6:11,0.16,1536703860.0
12/9/2018 6:12,0.16,1536703920.0
12/9/2018 6:13,0.16,1536703980.0
12/9/2018 6:14,0.16,1536704040.0
12/9/2018 6:15,0.16,1536704100.0
12/9/2018 6:16,0.16,1536704160.0
12/9/2018 6:17,0.16,1536704220.0
12/9/2018 6:18,0.16,1536704280.0
12/9/2018 6:19,0.16,1536704340.0
12/9/2018 6:20,0.16,1536704400.0
12/9/2018 6:21,0.16,1536704460.0
12/9/2018 6:22,0.16,1536704520.0
12/9/2018 6:23,0.17,1536704580.0
12/9/2018 6:24,0.17,1536704640.0
12/9/2018 6:25,0.17,1536704700.0
12/9/2018 6:26,0.17,1536704760.0
12/9/2018 6:27,0.17,1536704820.0
12/9/2018 6:28,0.17,1536704880.0
12/9/2018 6:29,0.17,1536704940.0
12/9/2018 6:30,0.17,1536705000.0
12/9/2018 6:31,0.17,1536705060.0
12/9/2018 6:32,0.17,1536705120.0
12/9/2018 6:33,0.17,1536705180.0
12/9/2018 6:34,0.17,1536705240.0
12/9/2018 6:35,0.17,1536705300.0
12/9/2018 6:36,0.18,1536705360.0
12/9/2018 6:37,0.18,1536705420.0
12/9/2018 6:38,0.18,1536705480.0
12/9/2018 6:39,0.18,1536705540.0
12/9/2018 6:40,0.18,1536705600.0
12/9/2018 6:41,0.18,1536705660.0
12/9/2018 6:42,0.18,1536705720.0
12/9/2018 6:43,0.18,1536705780.0
12/9/2018 6:44,0.18,1536705840.0
12/9/2018 6:45,0.18,1536705900.0
12/9/2018 6:46,0.18,1536705960.0
12/9/2018 6:47,0.18,1536706020.0
12/9/2018 6:48,0.18,1536706080.0
12/9/2018 6:49,0.18,1536706140.0
12/9/2018 6:50,0.18,1536706200.0
12/9/2018 6:51,0.18,1536706260.0
12/9/2018 6:52,0.18,1536706320.0
12/9/2018 6:53,0.18,1536706380.0
12/9/2018 6:54,0.18,1536706440.0
12/9/2018 6:55,0.18,1536706500.0
12/9/2018 6:56,0.18,1536706560.0
12/9/2018 6:57,0.18,1536706620.0
12/9/2018 6:58,0.18,1536706680.0
12/9/2018 6:59,0.18,1536706740.0
12/9/2018 7:00,0.18,1536706800.0
12/9/2018 7:01,0.18,1536706860.0
12/9/2018 7:02,0.18,1536706920.0
12/9/2018 7:03,0.18,1536706980.0
12/9/2018 7:04,0.18,1536707040.0
12/9/2018 7:05,0.18,1536707100.0
12/9/2018 7:06,0.18,1536707160.0
12/9/2018 7:07,0.18,1536707220.0
12/9/2018 7:08,0.18,1536707280.0
12/9/2018 7:09,0.18,1536707340.0
12/9/2018 7:10,0.18,1536707400.0
12/9/2018 7:11,0.18,1536707460.0
12/9/2018 7:12,0.18,1536707520.0
12/9/2018 7:13,0.18,1536707580.0
12/9/2018 7:14,0.17,1536707640.0
12/9/2018 7:15,0.17,1536707700.0
12/9/2018 7:16,0.17,1536707760.0
12/9/2018 7:17,0.18,1536707820.0
12/9/2018 7:18,0.18,1536707880.0
12/9/2018 7:19,0.17,1536707940.0
12/9/2018 7:20,0.17,1536708000.0
12/9/2018 7:21,0.17,1536708060.0
12/9/2018 7:22,0.17,1536708120.0
12/9/2018 7:23,0.17,1536708180.0
12/9/2018 7:24,0.17,1536708240.0
12/9/2018 7:25,0.17,1536708300.0
12/9/2018 7:26,0.17,1536708360.0
12/9/2018 7:27,0.17,1536708420.0
12/9/2018 7:28,0.17,1536708480.0
12/9/2018 7:29,0.17,1536708540.0
12/9/2018 7:30,0.17,1536708600.0
12/9/2018 7:31,0.17,1536708660.0
12/9/2018 7:32,0.17,1536708720.0
12/9/2018 7:33,0.17,1536708780.0
12/9/2018 7:34,0.17,1536708840.0
12/9/2018 7:35,0.17,1536708900.0
12/9/2018 7:36,0.17,1536708960.0
12/9/2018 7:37,0.17,1536709020.0
12/9/2018 7:38,0.17,1536709080.0
12/9/2018 7:39,0.17,1536709140.0
12/9/2018 7:40,0.18,1536709200.0
12/9/2018 7:41,0.18,1536709260.0
12/9/2018 7:42,0.18,1536709320.0
12/9/2018 7:43,0.18,1536709380.0
12/9/2018 7:44,0.18,1536709440.0
12/9/2018 7:45,0.18,1536709500.0
12/9/2018 7:46,0.19,1536709560.0
12/9/2018 7:47,0.19,1536709620.0
12/9/2018 7:48,0.19,1536709680.0
12/9/2018 7:49,0.19,1536709740.0
12/9/2018 7:50,0.19,1536709800.0
12/9/2018 7:51,0.19,1536709860.0
12/9/2018 7:52,0.19,1536709920.0
12/9/2018 7:53,0.19,1536709980.0
12/9/2018 7:54,0.2,1536710040.0
12/9/2018 7:55,0.2,1536710100.0
12/9/2018 7:56,0.2,1536710160.0
12/9/2018 7:57,0.2,1536710220.0
12/9/2018 7:58,0.2,1536710280.0
12/9/2018 7:59,0.2,1536710340.0
12/9/2018 8:00,0.2,1536710400.0
12/9/2018 8:01,0.2,1536710460.0
12/9/2018 8:02,0.2,1536710520.0
12/9/2018 8:03,0.2,1536710580.0
12/9/2018 8:04,0.2,1536710640.0
12/9/2018 8:05,0.2,1536710700.0
12/9/2018 8:06,0.2,1536710760.0
12/9/2018 8:07,0.2,1536710820.0
12/9/2018 8:08,0.2,1536710880.0
12/9/2018 8:09,0.2,1536710940.0
12/9/2018 8:10,0.2,1536711000.0
12/9/2018 8:11,0.2,1536711060.0
12/9/2018 8:12,0.2,1536711120.0
12/9/2018 8:13,0.2,1536711180.0
12/9/2018 8:14,0.2,1536711240.0
12/9/2018 8:15,0.2,1536711300.0
12/9/2018 8:16,0.2,1536711360.0
12/9/2018 8:17,0.2,1536711420.0
12/9/2018 8:18,0.2,1536711480.0
12/9/2018 8:19,0.2,1536711540.0
12/9/2018 8:20,0.2,1536711600.0
12/9/2018 8:21,0.2,1536711660.0
12/9/2018 8:22,0.2,1536711720.0
12/9/2018 8:23,0.2,1536711780.0
12/9/2018 8:24,0.2,1536711840.0
12/9/2018 8:25,0.19,1536711900.0
12/9/2018 8:26,0.19,1536711960.0
12/9/2018 8:27,0.19,1536712020.0
12/9/2018 8:28,0.19,1536712080.0
12/9/2018 8:29,0.19,1536712140.0
12/9/2018 8:30,0.19,1536712200.0
12/9/2018 8:31,0.19,1536712260.0
12/9/2018 8:32,0.19,1536712320.0
12/9/2018 8:33,0.19,1536712380.0
12/9/2018 8:34,0.19,1536712440.0
12/9/2018 8:35,0.19,1536712500.0
12/9/2018 8:36,0.19,1536712560.0
12/9/2018 8:37,0.19,1536712620.0
12/9/2018 8:38,0.19,1536712680.0
12/9/2018 8:39,0.19,1536712740.0
12/9/2018 8:40,0.19,1536712800.0
12/9/2018 8:41,0.19,1536712860.0
12/9/2018 8:42,0.19,1536712920.0
12/9/2018 8:43,0.18,1536712980.0
12/9/2018 8:44,0.18,1536713040.0
12/9/2018 8:45,0.18,1536713100.0
12/9/2018 8:46,0.18,1536713160.0
12/9/2018 8:47,0.18,1536713220.0
12/9/2018 8:48,0.18,1536713280.0
12/9/2018 8:49,0.18,1536713340.0
12/9/2018 8:50,0.18,1536713400.0
12/9/2018 8:51,0.18,1536713460.0
12/9/2018 8:52,0.18,1536713520.0
12/9/2018 8:53,0.18,1536713580.0
12/9/2018 8:54,0.18,1536713640.0
12/9/2018 8:55,0.18,1536713700.0
12/9/2018 8:56,0.18,1536713760.0
12/9/2018 8:57,0.18,1536713820.0
12/9/2018 8:58,0.17,1536713880.0
12/9/2018 8:59,0.17,1536713940.0
12/9/2018 9:00,0.17,1536714000.0
12/9/2018 9:01,0.17,1536714060.0
12/9/2018 9:02,0.17,1536714120.0
12/9/2018 9:03,0.17,1536714180.0
12/9/2018 9:04,0.17,1536714240.0
12/9/2018 9:05,0.17,1536714300.0
12/9/2018 9:06,0.17,1536714360.0
12/9/2018 9:07,0.17,1536714420.0
12/9/2018 9:08,0.17,1536714480.0
12/9/2018 9:09,0.17,1536714540.0
12/9/2018 9:10,0.17,1536714600.0
12/9/2018 9:11,0.17,1536714660.0
12/9/2018 9:12,0.17,1536714720.0
12/9/2018 9:13,0.17,1536714780.0
12/9/2018 9:14,0.16,1536714840.0
12/9/2018 9:15,0.16,1536714900.0
12/9/2018 9:16,0.16,1536714960.0
12/9/2018 9:17,0.16,1536715020.0
12/9/2018 9:18,0.16,1536715080.0
12/9/2018 9:19,0.16,1536715140.0
12/9/2018 9:20,0.16,1536715200.0
12/9/2018 9:21,0.16,1536715260.0
12/9/2018 9:22,0.16,1536715320.0
12/9/2018 9:23,0.16,1536715380.0
12/9/2018 9:24,0.16,1536715440.0
12/9/2018 9:25,0.16,1536715500.0
12/9/2018 9:26,0.16,1536715560.0
12/9/2018 9:27,0.16,1536715620.0
12/9/2018 9:28,0.16,1536715680.0
12/9/2018 9:29,0.16,1536715740.0
12/9/2018 9:30,0.16,1536715800.0
12/9/2018 9:31,0.15,1536715860.0
12/9/2018 9:32,0.15,1536715920.0
12/9/2018 9:33,0.15,1536715980.0
12/9/2018 9:34,0.15,1536716040.0
12/9/2018 9:35,0.15,1536716100.0
12/9/2018 9:36,0.15,1536716160.0
12/9/2018 9:37,0.15,1536716220.0
12/9/2018 9:38,0.15,1536716280.0
12/9/2018 9:39,0.15,1536716340.0
12/9/2018 9:40,0.15,1536716400.0
12/9/2018 9:41,0.15,1536716460.0
12/9/2018 9:42,0.15,1536716520.0
12/9/2018 9:43,0.15,1536716580.0
12/9/2018 9:44,0.15,1536716640.0
12/9/2018 9:45,0.15,1536716700.0
12/9/2018 9:46,0.15,1536716760.0
12/9/2018 9:47,0.15,1536716820.0
12/9/2018 9:48,0.14,1536716880.0
12/9/2018 9:49,0.14,1536716940.0
12/9/2018 9:50,0.14,1536717000.0
12/9/2018 9:51,0.14,1536717060.0
12/9/2018 9:52,0.14,1536717120.0
12/9/2018 9:53,0.14,1536717180.0
12/9/2018 9:54,0.14,1536717240.0
12/9/2018 9:55,0.14,1536717300.0
12/9/2018 9:56,0.14,1536717360.0
12/9/2018 9:57,0.14,1536717420.0
12/9/2018 9:58,0.14,1536717480.0
12/9/2018 9:59,0.14,1536717540.0
12/9/2018 10:00,0.14,1536717600.0
12/9/2018 10:01,0.14,1536717660.0
12/9/2018 10:02,0.14,1536717720.0
12/9/2018 10:03,0.14,1536717780.0
12/9/2018 10:04,0.14,1536717840.0
12/9/2018 10:05,0.14,1536717900.0
12/9/2018 10:06,0.14,1536717960.0
12/9/2018 10:07,0.13,1536718020.0
12/9/2018 10:08,0.14,1536718080.0
12/9/2018 10:09,0.13,1536718140.0
12/9/2018 10:10,0.13,1536718200.0
12/9/2018 10:11,0.13,1536718260.0
12/9/2018 10:12,0.13,1536718320.0
12/9/2018 10:13,0.13,1536718380.0
12/9/2018 10:14,0.13,1536718440.0
12/9/2018 10:15,0.13,1536718500.0
12/9/2018 10:16,0.13,1536718560.0
12/9/2018 10:17,0.13,1536718620.0
12/9/2018 10:18,0.13,1536718680.0
12/9/2018 10:19,0.13,1536718740.0
12/9/2018 10:20,0.13,1536718800.0
12/9/2018 10:21,0.13,1536718860.0
12/9/2018 10:22,0.13,1536718920.0
12/9/2018 10:23,0.13,1536718980.0
12/9/2018 10:24,0.13,1536719040.0
12/9/2018 10:25,0.13,1536719100.0
12/9/2018 10:26,0.13,1536719160.0
12/9/2018 10:27,0.13,1536719220.0
12/9/2018 10:28,0.13,1536719280.0
12/9/2018 10:29,0.13,1536719340.0
12/9/2018 10:30,0.13,1536719400.0
12/9/2018 10:31,0.13,1536719460.0
12/9/2018 10:32,0.13,1536719520.0
12/9/2018 10:33,0.13,1536719580.0
12/9/2018 10:34,0.13,1536719640.0
12/9/2018 10:35,0.13,1536719700.0
12/9/2018 10:36,0.13,1536719760.0
12/9/2018 10:37,0.13,1536719820.0
12/9/2018 10:38,0.13,1536719880.0
12/9/2018 10:39,0.13,1536719940.0
12/9/2018 10:40,0.12,1536720000.0
12/9/2018 10:41,0.12,1536720060.0
12/9/2018 10:42,0.12,1536720120.0
12/9/2018 10:43,0.12,1536720180.0
12/9/2018 10:44,0.12,1536720240.0
12/9/2018 10:45,0.12,1536720300.0
12/9/2018 10:46,0.12,1536720360.0
12/9/2018 10:47,0.12,1536720420.0
12/9/2018 10:48,0.12,1536720480.0
12/9/2018 10:49,0.12,1536720540.0
12/9/2018 10:50,0.12,1536720600.0
12/9/2018 10:51,0.12,1536720660.0
12/9/2018 10:52,0.12,1536720720.0
12/9/2018 10:53,0.12,1536720780.0
12/9/2018 10:54,0.12,1536720840.0
12/9/2018 10:55,0.12,1536720900.0
12/9/2018 10:56,0.12,1536720960.0
12/9/2018 10:57,0.12,1536721020.0
12/9/2018 10:58,0.12,1536721080.0
12/9/2018 10:59,0.12,1536721140.0
12/9/2018 11:00,0.12,1536721200.0
12/9/2018 11:01,0.12,1536721260.0
12/9/2018 11:02,0.12,1536721320.0
12/9/2018 11:03,0.12,1536721380.0
12/9/2018 11:04,0.12,1536721440.0
12/9/2018 11:05,0.12,1536721500.0
12/9/2018 11:06,0.12,1536721560.0
12/9/2018 11:07,0.12,1536721620.0
12/9/2018 11:08,0.12,1536721680.0
12/9/2018 11:09,0.12,1536721740.0
12/9/2018 11:10,0.12,1536721800.0
12/9/2018 11:11,0.12,1536721860.0
12/9/2018 11:12,0.12,1536721920.0
12/9/2018 11:13,0.12,1536721980.0
12/9/2018 11:14,0.12,1536722040.0
12/9/2018 11:15,0.12,1536722100.0
12/9/2018 11:16,0.12,1536722160.0
12/9/2018 11:17,0.12,1536722220.0
12/9/2018 11:18,0.12,1536722280.0
12/9/2018 11:19,0.12,1536722340.0
12/9/2018 11:20,0.12,1536722400.0
12/9/2018 11:21,0.12,1536722460.0
12/9/2018 11:22,0.12,1536722520.0
12/9/2018 11:23,0.12,1536722580.0
12/9/2018 11:24,0.12,1536722640.0
12/9/2018 11:25,0.12,1536722700.0
12/9/2018 11:26,0.12,1536722760.0
12/9/2018 11:27,0.12,1536722820.0
12/9/2018 11:28,0.12,1536722880.0
12/9/2018 11:29,0.12,1536722940.0
12/9/2018 11:30,0.12,1536723000.0
12/9/2018 11:31,0.12,1536723060.0
12/9/2018 11:32,0.12,1536723120.0
12/9/2018 11:33,0.11,1536723180.0
12/9/2018 11:34,0.12,1536723240.0
12/9/2018 11:35,0.12,1536723300.0
12/9/2018 11:36,0.12,1536723360.0
12/9/2018 11:37,0.12,1536723420.0
12/9/2018 11:38,0.11,1536723480.0
12/9/2018 11:39,0.11,1536723540.0
12/9/2018 11:40,0.11,1536723600.0
12/9/2018 11:41,0.11,1536723660.0
12/9/2018 11:42,0.12,1536723720.0
12/9/2018 11:43,0.12,1536723780.0
12/9/2018 11:44,0.11,1536723840.0
12/9/2018 11:45,0.11,1536723900.0
12/9/2018 11:46,0.11,1536723960.0
12/9/2018 11:47,0.11,1536724020.0
12/9/2018 11:48,0.11,1536724080.0
12/9/2018 11:49,0.11,1536724140.0
12/9/2018 11:50,0.11,1536724200.0
12/9/2018 11:51,0.11,1536724260.0
12/9/2018 11:52,0.11,1536724320.0
12/9/2018 11:53,0.11,1536724380.0
12/9/2018 11:54,0.11,1536724440.0
12/9/2018 11:55,0.11,1536724500.0
12/9/2018 11:56,0.11,1536724560.0
12/9/2018 11:57,0.11,1536724620.0
12/9/2018 11:58,0.11,1536724680.0
12/9/2018 11:59,0.11,1536724740.0
12/9/2018 12:00,0.11,1536724800.0
12/9/2018 12:01,0.11,1536724860.0
12/9/2018 12:02,0.11,1536724920.0
12/9/2018 12:03,0.11,1536724980.0
12/9/2018 12:04,0.11,1536725040.0
12/9/2018 12:05,0.11,1536725100.0
12/9/2018 12:06,0.11,1536725160.0
12/9/2018 12:07,0.11,1536725220.0
12/9/2018 12:08,0.11,1536725280.0
12/9/2018 12:09,0.11,1536725340.0
12/9/2018 12:10,0.11,1536725400.0
12/9/2018 12:11,0.11,1536725460.0
12/9/2018 12:12,0.11,1536725520.0
12/9/2018 12:13,0.11,1536725580.0
12/9/2018 12:14,0.11,1536725640.0
12/9/2018 12:15,0.11,1536725700.0
12/9/2018 12:16,0.11,1536725760.0
12/9/2018 12:17,0.11,1536725820.0
12/9/2018 12:18,0.11,1536725880.0
12/9/2018 12:19,0.11,1536725940.0
12/9/2018 12:20,0.11,1536726000.0
12/9/2018 12:21,0.11,1536726060.0
12/9/2018 12:22,0.11,1536726120.0
12/9/2018 12:23,0.11,1536726180.0
12/9/2018 12:24,0.11,1536726240.0
12/9/2018 12:25,0.11,1536726300.0
12/9/2018 12:26,0.11,1536726360.0
12/9/2018 12:27,0.11,1536726420.0
12/9/2018 12:28,0.11,1536726480.0
12/9/2018 12:29,0.11,1536726540.0
12/9/2018 12:30,0.11,1536726600.0
12/9/2018 12:31,0.11,1536726660.0
12/9/2018 12:32,0.11,1536726720.0
12/9/2018 12:33,0.11,1536726780.0
12/9/2018 12:34,0.11,1536726840.0
12/9/2018 12:35,0.11,1536726900.0
12/9/2018 12:36,0.11,1536726960.0
12/9/2018 12:37,0.11,1536727020.0
12/9/2018 12:38,0.11,1536727080.0
12/9/2018 12:39,0.11,1536727140.0
12/9/2018 12:40,0.11,1536727200.0
12/9/2018 12:41,0.11,1536727260.0
12/9/2018 12:42,0.11,1536727320.0
12/9/2018 12:43,0.11,1536727380.0
12/9/2018 12:44,0.11,1536727440.0
12/9/2018 12:45,0.11,1536727500.0
12/9/2018 12:46,0.11,1536727560.0
12/9/2018 12:47,0.11,1536727620.0
12/9/2018 12:48,0.11,1536727680.0
12/9/2018 12:49,0.11,1536727740.0
12/9/2018 12:50,0.11,1536727800.0
12/9/2018 12:51,0.11,1536727860.0
12/9/2018 12:52,0.1,1536727920.0
12/9/2018 12:53,0.1,1536727980.0
12/9/2018 12:54,0.11,1536728040.0
12/9/2018 12:55,0.11,1536728100.0
12/9/2018 12:56,0.11,1536728160.0
12/9/2018 12:57,0.1,1536728220.0
12/9/2018 12:58,0.11,1536728280.0
12/9/2018 12:59,0.1,1536728340.0
12/9/2018 13:00,0.1,1536728400.0
12/9/2018 13:01,0.11,1536728460.0
12/9/2018 13:02,0.11,1536728520.0
12/9/2018 13:03,0.11,1536728580.0
12/9/2018 13:04,0.11,1536728640.0
12/9/2018 13:05,0.1,1536728700.0
12/9/2018 13:06,0.1,1536728760.0
12/9/2018 13:07,0.1,1536728820.0
12/9/2018 13:08,0.1,1536728880.0
12/9/2018 13:09,0.1,1536728940.0
12/9/2018 13:10,0.1,1536729000.0
12/9/2018 13:11,0.1,1536729060.0
12/9/2018 13:12,0.1,1536729120.0
12/9/2018 13:13,0.1,1536729180.0
12/9/2018 13:14,0.1,1536729240.0
12/9/2018 13:15,0.11,1536729300.0
12/9/2018 13:16,0.1,1536729360.0
12/9/2018 13:17,0.1,1536729420.0
12/9/2018 13:18,0.1,1536729480.0
12/9/2018 13:19,0.1,1536729540.0
12/9/2018 13:20,0.1,1536729600.0
12/9/2018 13:21,0.1,1536729660.0
12/9/2018 13:22,0.1,1536729720.0
12/9/2018 13:23,0.1,1536729780.0
12/9/2018 13:24,0.1,1536729840.0
12/9/2018 13:25,0.1,1536729900.0
12/9/2018 13:26,0.1,1536729960.0
12/9/2018 13:27,0.1,1536730020.0
12/9/2018 13:28,0.1,1536730080.0
12/9/2018 13:29,0.1,1536730140.0
12/9/2018 13:30,0.1,1536730200.0
12/9/2018 13:31,0.1,1536730260.0
12/9/2018 13:32,0.1,1536730320.0
12/9/2018 13:33,0.1,1536730380.0
12/9/2018 13:34,0.1,1536730440.0
12/9/2018 13:35,0.1,1536730500.0
12/9/2018 13:36,0.1,1536730560.0
12/9/2018 13:37,0.1,1536730620.0
12/9/2018 13:38,0.1,1536730680.0
12/9/2018 13:39,0.1,1536730740.0
12/9/2018 13:40,0.1,1536730800.0
12/9/2018 13:41,0.1,1536730860.0
12/9/2018 13:42,0.1,1536730920.0
12/9/2018 13:43,0.1,1536730980.0
12/9/2018 13:44,0.1,1536731040.0
12/9/2018 13:45,0.1,1536731100.0
12/9/2018 13:46,0.1,1536731160.0
12/9/2018 13:47,0.1,1536731220.0
12/9/2018 13:48,0.1,1536731280.0
12/9/2018 13:49,0.1,1536731340.0
12/9/2018 13:50,0.11,1536731400.0
12/9/2018 13:51,0.11,1536731460.0
12/9/2018 13:52,0.11,1536731520.0
12/9/2018 13:53,0.1,1536731580.0
12/9/2018 13:54,0.1,1536731640.0
12/9/2018 13:55,0.1,1536731700.0
12/9/2018 13:56,0.1,1536731760.0
12/9/2018 13:57,0.1,1536731820.0
12/9/2018 13:58,0.1,1536731880.0
12/9/2018 13:59,0.11,1536731940.0
12/9/2018 14:00,0.11,1536732000.0
12/9/2018 14:01,0.1,1536732060.0
12/9/2018 14:02,0.11,1536732120.0
12/9/2018 14:03,0.11,1536732180.0
12/9/2018 14:04,0.11,1536732240.0
12/9/2018 14:05,0.11,1536732300.0
12/9/2018 14:06,0.11,1536732360.0
12/9/2018 14:07,0.11,1536732420.0
12/9/2018 14:08,0.1,1536732480.0
12/9/2018 14:09,0.1,1536732540.0
12/9/2018 14:10,0.11,1536732600.0
12/9/2018 14:11,0.11,1536732660.0
12/9/2018 14:12,0.11,1536732720.0
12/9/2018 14:13,0.11,1536732780.0
12/9/2018 14:14,0.11,1536732840.0
12/9/2018 14:15,0.11,1536732900.0
12/9/2018 14:16,0.11,1536732960.0
12/9/2018 14:17,0.11,1536733020.0
12/9/2018 14:18,0.11,1536733080.0
12/9/2018 14:19,0.11,1536733140.0
12/9/2018 14:20,0.12,1536733200.0
12/9/2018 14:21,0.12,1536733260.0
12/9/2018 14:22,0.11,1536733320.0
12/9/2018 14:23,0.12,1536733380.0
12/9/2018 14:24,0.11,1536733440.0
12/9/2018 14:25,0.11,1536733500.0
12/9/2018 14:26,0.12,1536733560.0
12/9/2018 14:27,0.12,1536733620.0
12/9/2018 14:28,0.12,1536733680.0
12/9/2018 14:29,0.12,1536733740.0
12/9/2018 14:30,0.12,1536733800.0
12/9/2018 14:31,0.12,1536733860.0
12/9/2018 14:32,0.12,1536733920.0
12/9/2018 14:33,0.12,1536733980.0
12/9/2018 14:34,0.12,1536734040.0
12/9/2018 14:35,0.12,1536734100.0
12/9/2018 14:36,0.12,1536734160.0
12/9/2018 14:37,0.12,1536734220.0
12/9/2018 14:38,0.12,1536734280.0
12/9/2018 14:39,0.12,1536734340.0
12/9/2018 14:40,0.12,1536734400.0
12/9/2018 14:41,0.12,1536734460.0
12/9/2018 14:42,0.12,1536734520.0
12/9/2018 14:43,0.12,1536734580.0
12/9/2018 14:44,0.12,1536734640.0
12/9/2018 14:45,0.12,1536734700.0
12/9/2018 14:46,0.12,1536734760.0
12/9/2018 14:47,0.12,1536734820.0
12/9/2018 14:48,0.12,1536734880.0
12/9/2018 14:49,0.12,1536734940.0
12/9/2018 14:50,0.12,1536735000.0
12/9/2018 14:51,0.12,1536735060.0
12/9/2018 14:52,0.12,1536735120.0
12/9/2018 14:53,0.12,1536735180.0
12/9/2018 14:54,0.12,1536735240.0
12/9/2018 14:55,0.12,1536735300.0
12/9/2018 14:56,0.12,1536735360.0
12/9/2018 14:57,0.12,1536735420.0
12/9/2018 14:58,0.12,1536735480.0
12/9/2018 14:59,0.12,1536735540.0
12/9/2018 15:00,0.12,1536735600.0
12/9/2018 15:01,0.12,1536735660.0
12/9/2018 15:02,0.12,1536735720.0
12/9/2018 15:03,0.12,1536735780.0
12/9/2018 15:04,0.12,1536735840.0
12/9/2018 15:05,0.12,1536735900.0
12/9/2018 15:06,0.12,1536735960.0
12/9/2018 15:07,0.12,1536736020.0
12/9/2018 15:08,0.12,1536736080.0
12/9/2018 15:09,0.12,1536736140.0
12/9/2018 15:10,0.12,1536736200.0
12/9/2018 15:11,0.12,1536736260.0
12/9/2018 15:12,0.12,1536736320.0
12/9/2018 15:13,0.12,1536736380.0
12/9/2018 15:14,0.12,1536736440.0
12/9/2018 15:15,0.12,1536736500.0
12/9/2018 15:16,0.12,1536736560.0
12/9/2018 15:17,0.12,1536736620.0
12/9/2018 15:18,0.12,1536736680.0
12/9/2018 15:19,0.12,1536736740.0
12/9/2018 15:20,0.12,1536736800.0
12/9/2018 15:21,0.12,1536736860.0
12/9/2018 15:22,0.12,1536736920.0
12/9/2018 15:23,0.12,1536736980.0
12/9/2018 15:24,0.12,1536737040.0
12/9/2018 15:25,0.12,1536737100.0
12/9/2018 15:26,0.12,1536737160.0
12/9/2018 15:27,0.12,1536737220.0
12/9/2018 15:28,0.12,1536737280.0
12/9/2018 15:29,0.12,1536737340.0
12/9/2018 15:30,0.12,1536737400.0
12/9/2018 15:31,0.12,1536737460.0
12/9/2018 15:32,0.12,1536737520.0
12/9/2018 15:33,0.12,1536737580.0
12/9/2018 15:34,0.12,1536737640.0
12/9/2018 15:35,0.12,1536737700.0
12/9/2018 15:36,0.12,1536737760.0
12/9/2018 15:37,0.12,1536737820.0
12/9/2018 15:38,0.12,1536737880.0
12/9/2018 15:39,0.12,1536737940.0
12/9/2018 15:40,0.12,1536738000.0
12/9/2018 15:41,0.12,1536738060.0
12/9/2018 15:42,0.12,1536738120.0
12/9/2018 15:43,0.12,1536738180.0
12/9/2018 15:44,0.12,1536738240.0
12/9/2018 15:45,0.12,1536738300.0
12/9/2018 15:46,0.12,1536738360.0
12/9/2018 15:47,0.12,1536738420.0
12/9/2018 15:48,0.12,1536738480.0
12/9/2018 15:49,0.12,1536738540.0
12/9/2018 15:50,0.12,1536738600.0
12/9/2018 15:51,0.12,1536738660.0
12/9/2018 15:52,0.12,1536738720.0
12/9/2018 15:53,0.12,1536738780.0
12/9/2018 15:54,0.12,1536738840.0
12/9/2018 15:55,0.12,1536738900.0
12/9/2018 15:56,0.12,1536738960.0
12/9/2018 15:57,0.12,1536739020.0
12/9/2018 15:58,0.12,1536739080.0
12/9/2018 15:59,0.12,1536739140.0
12/9/2018 16:00,0.12,1536739200.0
12/9/2018 16:01,0.12,1536739260.0
12/9/2018 16:02,0.12,1536739320.0
12/9/2018 16:03,0.12,1536739380.0
12/9/2018 16:04,0.12,1536739440.0
